field,kind,ai,hu,row,title
Journal,ai_blank_hu_populated,,Thrombosis Research,1,Potential treatment option of rivaroxaban for breastfeeding women: A case series
Journal,string_mismatch,Arch Pathol Lab Med,Archives of Pathology and Laboratory Medicine,21,The Effect of Direct Oral Anticoagulants on Antithrombin Activity Testing Is Abolished by DOAC-Stop in Venous Thromboembolism Patients
Journal,string_mismatch,PACE,Pacing and Clinical Electrophysiology,23,Identification and Management of Noncompliance in Atrial Fibrillation Patients Receiving Dabigatran: The Role of a Drug Monitor
Journal,string_mismatch,Drug Metab. Pharmacokinet.,Drug Metabolism and Pharmacokinetics,24,Model-based Dose Selection for Phase III Rivaroxaban Study in Japanese Patients with Non-valvular Atrial Fibrillation
Journal,fuzzy_partial,Clinical Pharmacology & Therapeutics,Clinical Pharmacology and Therapeutics,34,Real-World Rivaroxaban and Apixaban Levels in Asian Patients With Atrial Fibrillation
Journal,string_mismatch,Am J Nephrol,American Journal of Nephrology,36,"Pharmacokinetics, Pharmacodynamics, and Safety of Single-Dose Rivaroxaban in Chronic Hemodialysis"
Journal,string_mismatch,TH Open,Thieme open access,44,Apixaban-Calibrated Anti-FXa Activity in Relation to Outcome Events and Clinical Characteristics in Patients with Atrial Fibrillation: Results from the AVERROES Trial
Journal,string_mismatch,Am J Health-Syst Pharm,American Journal of Health-System Pharmacy,45,Influence of apixaban on antifactor Xa levels in a patient with acute kidney injury
Journal,string_mismatch,Thromb Haemost,Thrombosis and Haemostasis,48,Anticoagulant Effects of Dabigatran in Paediatric Patients Compared with Adults: Combined Data from Three Paediatric Clinical Trials
Country,ai_blank_hu_populated,,France,0,High fracture and DOAC level: A retrospective study of 72 cases
Country,ai_blank_hu_populated,,Japan,1,Potential treatment option of rivaroxaban for breastfeeding women: A case series
Country,string_mismatch,France,"Other: France, Belgium",16,Assessment of DOAC in GEriatrics (ADAGE Study): Rivaroxaban/Apixaban Concentrations and Thrombin Generation Profiles in NVAF Very Elderly Patients
Country,string_mismatch,Switzerland,Other: ,17,Intravenous Thrombolysis in Patients With Ischemic Stroke and Recent Ingestion of Direct Oral Anticoagulants
Country,ai_blank_hu_populated,,Japan,19,Effect of pregnane X receptor and cytochrome P450 oxidoreductase gene polymorphisms on trough concentrations of rivaroxaban and edoxaban in patients with nonvalvular atrial fibrillation
Country,string_mismatch,USA,United States,25,"Initiation of rivaroxaban following low molecular weight heparin for thromboprophylaxis after total joint replacement: The Safe, Simple Transitions (SST) study"
Country,ai_blank_hu_populated,,Russia,29,COMPARISON OF QUANTITATIVE ANALYTICAL TECHNIQUES FOR DABIGATRAN IN BLOOD PLASMA OF HUMANS WITH KNEE REPLACEMENTS
Country,string_mismatch,USA,United States,36,"Pharmacokinetics, Pharmacodynamics, and Safety of Single-Dose Rivaroxaban in Chronic Hemodialysis"
Country,string_mismatch,USA,United States,37,"The Pharmacology, Efficacy, and Safety of Rivaroxaban in Obese Patient Populations"
Country,string_mismatch,Canada,"Other: Canada, Germany, United States, Belgium, United Kingdom, Netherlands, ",39,Dabigatran versus Warfarin in Patients with Mechanical Heart Valves
Country,string_mismatch,Taiwan,China,41,Factors Associated With Edoxaban Concentration Among Patients With Atrial Fibrillation
Country,string_mismatch,Canada,"Other: Canada, The Netherlands, Belgium",44,Apixaban-Calibrated Anti-FXa Activity in Relation to Outcome Events and Clinical Characteristics in Patients with Atrial Fibrillation: Results from the AVERROES Trial
Country,string_mismatch,Germany,"Other: Canada, Germany, United States",48,Anticoagulant Effects of Dabigatran in Paediatric Patients Compared with Adults: Combined Data from Three Paediatric Clinical Trials
Country,string_mismatch,USA,United States,49,Heparin-Calibrated Chromogenic Anti-Xa Activity Measurements in Patients Receiving Rivaroxaban: Can This Test Be Used to Quantify Drug Level?
Publication Year,ai_blank_hu_populated,,2021.0,0,High fracture and DOAC level: A retrospective study of 72 cases
Publication Year,hu_blank_ai_populated,2022.0,,4,Management of DOAC in Patients Undergoing Planned Surgery or Invasive Procedure: Italian Federation of Centers for the Diagnosis of Thrombotic Disorders and the Surveillance of the Antithrombotic Therapies (FCSA) Position Paper
Publication Year,string_mismatch,2018.0,2017.0,10,Measurement of dabigatran: previously demonstrated Hemoclot® Thrombin Inhibitor assay reagent instability on Sysmex CS-2100i is no longer an issue
Study Design,string_mismatch,Non-Randomized Observational Study,Cohort study,2,The assessment of anticoagulant activity to predict bleeding outcome in atrial fibrillation patients receiving dabigatran etexilate
Study Design,string_mismatch,Non-Randomized Observational Study,Pharmacokinetic study,3,Factors affecting serum concentration of dabigatran in Asian patients with non-valvular atrial fibrillation
Study Design,string_mismatch,Other,Other: Position Paper/Expert Opinion ,4,Management of DOAC in Patients Undergoing Planned Surgery or Invasive Procedure: Italian Federation of Centers for the Diagnosis of Thrombotic Disorders and the Surveillance of the Antithrombotic Therapies (FCSA) Position Paper
Study Design,string_mismatch,Non-Randomized Observational Study,Non-randomized experimental study,5,Stability of Direct Oral Anticoagulants Concentrations in Blood Samples for Accessibility Expansion of Chromogenic Assays
Study Design,string_mismatch,Non-Randomized Observational Study,Diagnostic test accuracy study,8,Can an anti-Xa assay for low-molecular-weight heparin be used to assess the presence of rivaroxaban?
Study Design,string_mismatch,Non-Randomized Experimental Study,Non-randomized observational study,9,"Feasibility, effectiveness, and safety of edoxaban administration through percutaneous endoscopic gastrostomy: 12-months follow up of the ORIGAMI study"
Study Design,string_mismatch,Diagnostic Test Accuracy Study,Non-randomized experimental study,10,Measurement of dabigatran: previously demonstrated Hemoclot® Thrombin Inhibitor assay reagent instability on Sysmex CS-2100i is no longer an issue
Study Design,string_mismatch,Pharmacokinetic Study,Other: Method Development and Validation,12,"Simultaneous Determination of Dabigatran, Rivaroxaban, and Apixaban in Human Plasma by Liquid Chromatography/Tandem Mass Spectrometry"
Study Design,string_mismatch,Non-Randomized Observational Study,Cross sectional study,13,EFFECTS OF DIRECT ORAL ANTICOAGULANTS ON THROMBOELASTOGRAPHIC PARAMETERS AND FIBRIN CLOT PROPERTIES IN PATIENTS WITH VENOUS THROMBOEMBOLISM
Study Design,string_mismatch,In Silico Simulation Analysis,Pharmacokinetic study,14,Apixaban and rivaroxaban's physiologically-based pharmacokinetic model validation in hospitalized patients: A first step for larger use of a priori modeling approach at bed side
Study Design,string_mismatch,Non-Randomized Observational Study,Other: Post hoc exposure–response analyses,15,Associations between model-predicted rivaroxaban exposure and patient characteristics and efficacy and safety outcomes in the treatment of venous thromboembolism
Study Design,string_mismatch,Non-Randomized Observational Study,Cohort study,17,Intravenous Thrombolysis in Patients With Ischemic Stroke and Recent Ingestion of Direct Oral Anticoagulants
Study Design,string_mismatch,Non-Randomized Observational Study,Non-randomized experimental study,21,The Effect of Direct Oral Anticoagulants on Antithrombin Activity Testing Is Abolished by DOAC-Stop in Venous Thromboembolism Patients
Study Design,string_mismatch,Non-Randomized Observational Study,Cohort study,23,Identification and Management of Noncompliance in Atrial Fibrillation Patients Receiving Dabigatran: The Role of a Drug Monitor
Study Design,string_mismatch,Non-Randomized Experimental Study,Pharmacokinetic study,24,Model-based Dose Selection for Phase III Rivaroxaban Study in Japanese Patients with Non-valvular Atrial Fibrillation
Study Design,string_mismatch,Cohort Study,Non-randomized observational study,27,Dabigatran plasma concentration indicated the risk of patients with non-valvular atrial fibrillation
Study Design,string_mismatch,Diagnostic Test Accuracy Study,Pharmacokinetic study,29,COMPARISON OF QUANTITATIVE ANALYTICAL TECHNIQUES FOR DABIGATRAN IN BLOOD PLASMA OF HUMANS WITH KNEE REPLACEMENTS
Study Design,string_mismatch,Systematic Review,Other: Narrative Review,37,"The Pharmacology, Efficacy, and Safety of Rivaroxaban in Obese Patient Populations"
Study Design,string_mismatch,Non-Randomized Observational Study,Cohort study,40,Remaining activity of temporary interrupted direct oral anticoagulants and its impact on intra-ablation heparinization in patients with atrial fibrillation: Comparisons across four drugs and two dose regimens
Study Design,string_mismatch,Non-Randomized Observational Study,Other: Cross-sectional study,43,"Anti-Xa Levels in Morbidly Obese Patients Using Apixaban or Rivaroxaban, Before and After Bariatric Surgery"
Study Design,string_mismatch,Non-Randomized Observational Study,Other: Cohort Study,44,Apixaban-Calibrated Anti-FXa Activity in Relation to Outcome Events and Clinical Characteristics in Patients with Atrial Fibrillation: Results from the AVERROES Trial
Study Design,string_mismatch,Non-Randomized Observational Study,Pharmacokinetic study,48,Anticoagulant Effects of Dabigatran in Paediatric Patients Compared with Adults: Combined Data from Three Paediatric Clinical Trials
DOACs Included,partial_overlap,Apixaban; Rivaroxaban; Dabigatran,Apixaban; Rivaroxaban; Edoxaban; Dabigatran,4,Management of DOAC in Patients Undergoing Planned Surgery or Invasive Procedure: Italian Federation of Centers for the Diagnosis of Thrombotic Disorders and the Surveillance of the Antithrombotic Therapies (FCSA) Position Paper
Indications for Anticoagulation,no_overlap,Other,AF; Treatment/Prevention of VTE,0,High fracture and DOAC level: A retrospective study of 72 cases
Indications for Anticoagulation,partial_overlap,AF,AF; Treatment/Prevention of VTE,4,Management of DOAC in Patients Undergoing Planned Surgery or Invasive Procedure: Italian Federation of Centers for the Diagnosis of Thrombotic Disorders and the Surveillance of the Antithrombotic Therapies (FCSA) Position Paper
Indications for Anticoagulation,partial_overlap,AF; VTE Treatment/Prevention,AF,5,Stability of Direct Oral Anticoagulants Concentrations in Blood Samples for Accessibility Expansion of Chromogenic Assays
Indications for Anticoagulation,no_overlap,Other,Treatment/Prevention of VTE,6,Rivaroxaban dose adjustment using thrombin generation in severe congenital protein C deficiency and warfarin-induced skin necrosis
Indications for Anticoagulation,partial_overlap,AF; VTE Treatment/Prevention,AF,9,"Feasibility, effectiveness, and safety of edoxaban administration through percutaneous endoscopic gastrostomy: 12-months follow up of the ORIGAMI study"
Indications for Anticoagulation,no_overlap,Other,AF; Treatment/Prevention of VTE,14,Apixaban and rivaroxaban's physiologically-based pharmacokinetic model validation in hospitalized patients: A first step for larger use of a priori modeling approach at bed side
Indications for Anticoagulation,partial_overlap,AF,AF; Treatment/Prevention of VTE,17,Intravenous Thrombolysis in Patients With Ischemic Stroke and Recent Ingestion of Direct Oral Anticoagulants
Indications for Anticoagulation,partial_overlap,AF,AF; Treatment/Prevention of VTE; Other,30,Acute ischemic stroke and measurement of apixaban and rivaroxaban: an observational cohort implementation study
Indications for Anticoagulation,no_overlap,Other,Treatment/Prevention of VTE,33,Pharmacokinetic drug–drug interaction between olaparib and apixaban: a case report
Indications for Anticoagulation,hu_blank_ai_populated,Other,,36,"Pharmacokinetics, Pharmacodynamics, and Safety of Single-Dose Rivaroxaban in Chronic Hemodialysis"
Indications for Anticoagulation,partial_overlap,AF; VTE Treatment/Prevention,AF; Treatment/Prevention of VTE; Other,37,"The Pharmacology, Efficacy, and Safety of Rivaroxaban in Obese Patient Populations"
Relevant Subgroups,hu_blank_ai_populated,Chronic kidney disease/dialysis; Advanced age/frailty,,1,Potential treatment option of rivaroxaban for breastfeeding women: A case series
Relevant Subgroups,ai_blank_hu_populated,,Chronic kidney disease/dialysis; Drug-DOAC pharmacokinetic interactions; Advanced age/frailty,2,The assessment of anticoagulant activity to predict bleeding outcome in atrial fibrillation patients receiving dabigatran etexilate
Relevant Subgroups,ai_blank_hu_populated,,Low body weight; Chronic kidney disease/dialysis; Drug-DOAC pharmacokinetic interactions; Advanced age/frailty; Elective procedure/surgery; Urgent/emergent procedure/surgery; DOAC-associated bleeding + DOAC reversal,4,Management of DOAC in Patients Undergoing Planned Surgery or Invasive Procedure: Italian Federation of Centers for the Diagnosis of Thrombotic Disorders and the Surveillance of the Antithrombotic Therapies (FCSA) Position Paper
Relevant Subgroups,no_overlap,Drug-DOAC pharmacokinetic interactions; Chronic kidney disease/dialysis,High body weight/obesity,6,Rivaroxaban dose adjustment using thrombin generation in severe congenital protein C deficiency and warfarin-induced skin necrosis
Relevant Subgroups,partial_overlap,Chronic kidney disease/dialysis; Low body weight,Low body weight; Advanced age/frailty,9,"Feasibility, effectiveness, and safety of edoxaban administration through percutaneous endoscopic gastrostomy: 12-months follow up of the ORIGAMI study"
Relevant Subgroups,partial_overlap,Bariatric surgery/malabsorption,High body weight/obesity; Bariatric surgery/malabsorption; Elective procedure/surgery,11,Pharmacokinetics and pharmacodynamics of single doses of rivaroxaban in obese patients prior to and after bariatric surgery
Relevant Subgroups,ai_blank_hu_populated,,"Genetic polymorphism (e.g., CYP polymorphism)",13,EFFECTS OF DIRECT ORAL ANTICOAGULANTS ON THROMBOELASTOGRAPHIC PARAMETERS AND FIBRIN CLOT PROPERTIES IN PATIENTS WITH VENOUS THROMBOEMBOLISM
Relevant Subgroups,partial_overlap,Advanced age/frailty; Chronic kidney disease/dialysis,Chronic kidney disease/dialysis; Drug-DOAC pharmacokinetic interactions; Advanced age/frailty,14,Apixaban and rivaroxaban's physiologically-based pharmacokinetic model validation in hospitalized patients: A first step for larger use of a priori modeling approach at bed side
Relevant Subgroups,ai_blank_hu_populated,,Chronic kidney disease/dialysis; Advanced age/frailty,15,Associations between model-predicted rivaroxaban exposure and patient characteristics and efficacy and safety outcomes in the treatment of venous thromboembolism
Relevant Subgroups,partial_overlap,Advanced age/frailty; Drug-DOAC pharmacokinetic interactions,"Chronic kidney disease/dialysis; Drug-DOAC pharmacokinetic interactions; Advanced age/frailty; Genetic polymorphism (e.g., CYP polymorphism)",16,Assessment of DOAC in GEriatrics (ADAGE Study): Rivaroxaban/Apixaban Concentrations and Thrombin Generation Profiles in NVAF Very Elderly Patients
Relevant Subgroups,partial_overlap,Advanced age/frailty,Advanced age/frailty; Acute stroke/thrombolysis; DOAC-associated bleeding + DOAC reversal,17,Intravenous Thrombolysis in Patients With Ischemic Stroke and Recent Ingestion of Direct Oral Anticoagulants
Relevant Subgroups,partial_overlap,Drug-DOAC pharmacokinetic interactions; Chronic kidney disease/dialysis,"Chronic kidney disease/dialysis; Drug-DOAC pharmacokinetic interactions; Genetic polymorphism (e.g., CYP polymorphism)",18,Impact of the Genotype and Phenotype of CYP3A and P-gp on the Apixaban and Rivaroxaban Exposure in a Real-World Setting
Relevant Subgroups,partial_overlap,"Genetic polymorphism (e.g., CYP polymorphism)","Drug-DOAC pharmacokinetic interactions; Genetic polymorphism (e.g., CYP polymorphism)",19,Effect of pregnane X receptor and cytochrome P450 oxidoreductase gene polymorphisms on trough concentrations of rivaroxaban and edoxaban in patients with nonvalvular atrial fibrillation
Relevant Subgroups,ai_blank_hu_populated,,Advanced age/frailty,20,Low drug levels and thrombotic complications in high-risk atrial fibrillation patients treated with direct oral anticoagulants
Relevant Subgroups,partial_overlap,DOAC-associated bleeding + DOAC Reversal,Chronic kidney disease/dialysis; Advanced age/frailty; DOAC-associated bleeding + DOAC reversal,22,Haematological management of major bleeding associated with direct oral anticoagulants – UK experience
Relevant Subgroups,partial_overlap,Chronic kidney disease/dialysis; Advanced age/frailty,Advanced age/frailty,24,Model-based Dose Selection for Phase III Rivaroxaban Study in Japanese Patients with Non-valvular Atrial Fibrillation
Relevant Subgroups,ai_blank_hu_populated,,Chronic kidney disease/dialysis; Advanced age/frailty; Elective procedure/surgery,25,"Initiation of rivaroxaban following low molecular weight heparin for thromboprophylaxis after total joint replacement: The Safe, Simple Transitions (SST) study"
Relevant Subgroups,partial_overlap,DOAC-associated bleeding + DOAC Reversal; Urgent/emergent procedure/surgery,Urgent/emergent procedure/surgery,26,Case report: biliary pancreatitis with acute cholangitis in a patient under anticoagulant treatment with dabigatran
Relevant Subgroups,no_overlap,Chronic kidney disease/dialysis,Advanced age/frailty; Urgent/emergent procedure/surgery,28,Pre-Operative Direct Oral Anticoagulant Level Measurement Reduces Time to Surgery in Hip Fracture Patients
Relevant Subgroups,ai_blank_hu_populated,,Elective procedure/surgery,29,COMPARISON OF QUANTITATIVE ANALYTICAL TECHNIQUES FOR DABIGATRAN IN BLOOD PLASMA OF HUMANS WITH KNEE REPLACEMENTS
Relevant Subgroups,ai_blank_hu_populated,,Acute stroke/thrombolysis,30,Acute ischemic stroke and measurement of apixaban and rivaroxaban: an observational cohort implementation study
Relevant Subgroups,ai_blank_hu_populated,,Chronic kidney disease/dialysis; Advanced age/frailty,31,"Edoxaban plasma levels in patients with non-valvular atrial fibrillation: Inter and intra-individual variability, correlation with coagulation screening test and renal function"
Relevant Subgroups,ai_blank_hu_populated,,Advanced age/frailty,32,Dabigatran With or Without Concomitant Aspirin Compared With Warfarin Alone in Patients With Nonvalvular Atrial Fibrillation (PETRO Study)
Relevant Subgroups,ai_blank_hu_populated,,Chronic kidney disease/dialysis; Drug-DOAC pharmacokinetic interactions; Advanced age/frailty,34,Real-World Rivaroxaban and Apixaban Levels in Asian Patients With Atrial Fibrillation
Relevant Subgroups,no_overlap,High body weight (obesity),High body weight/obesity; Bariatric surgery/malabsorption,37,"The Pharmacology, Efficacy, and Safety of Rivaroxaban in Obese Patient Populations"
Relevant Subgroups,hu_blank_ai_populated,Chronic kidney disease/dialysis,,39,Dabigatran versus Warfarin in Patients with Mechanical Heart Valves
Relevant Subgroups,ai_blank_hu_populated,,Chronic kidney disease/dialysis; Advanced age/frailty; Elective procedure/surgery,40,Remaining activity of temporary interrupted direct oral anticoagulants and its impact on intra-ablation heparinization in patients with atrial fibrillation: Comparisons across four drugs and two dose regimens
Relevant Subgroups,partial_overlap,Chronic kidney disease/dialysis; Advanced age/frailty,Low body weight; Chronic kidney disease/dialysis; Drug-DOAC pharmacokinetic interactions; Advanced age/frailty,41,Factors Associated With Edoxaban Concentration Among Patients With Atrial Fibrillation
Relevant Subgroups,partial_overlap,High body weight (obesity); Bariatric surgery/malabsorption,High body weight/obesity; Bariatric surgery/malabsorption; Elective procedure/surgery,43,"Anti-Xa Levels in Morbidly Obese Patients Using Apixaban or Rivaroxaban, Before and After Bariatric Surgery"
Relevant Subgroups,partial_overlap,Chronic kidney disease/dialysis; Advanced age/frailty; Drug-DOAC pharmacokinetic interactions,Low body weight; Chronic kidney disease/dialysis; Drug-DOAC pharmacokinetic interactions; Advanced age/frailty,44,Apixaban-Calibrated Anti-FXa Activity in Relation to Outcome Events and Clinical Characteristics in Patients with Atrial Fibrillation: Results from the AVERROES Trial
Relevant Subgroups,partial_overlap,Chronic kidney disease/dialysis,Chronic kidney disease/dialysis; Advanced age/frailty; DOAC-associated bleeding + DOAC reversal,46,Population pharmacokinetic analysis for dabigatran etexilate in Chinese patients with non-valvular atrial fibrillation
Relevant Subgroups,no_overlap,Chronic kidney disease/dialysis,Acute stroke/thrombolysis,47,Laboratory measurement of apixaban using anti-factor Xa assays in acute ischemic stroke patients with non-valvular atrial fibrillation
Relevant Subgroups,partial_overlap,Chronic kidney disease/dialysis; Advanced age/frailty,Chronic kidney disease/dialysis,48,Anticoagulant Effects of Dabigatran in Paediatric Patients Compared with Adults: Combined Data from Three Paediatric Clinical Trials
Indications for DOAC Level Measurement,partial_overlap,Risk prediction and clinical outcome association - Bleeding,Evaluate DOAC level exposure; Measure correlation with other laboratory techniques; Risk prediction and clinical outcome association,2,The assessment of anticoagulant activity to predict bleeding outcome in atrial fibrillation patients receiving dabigatran etexilate
Indications for DOAC Level Measurement,partial_overlap,"Identify predictors of DOAC level exposure - Cmax, Ctrough, AUC; Guide clinical decision-making - Guide dose adjustment",Confirm adherence; Evaluate DOAC level exposure; Identify predictors of DOAC level exposure; Risk prediction and clinical outcome association,3,Factors affecting serum concentration of dabigatran in Asian patients with non-valvular atrial fibrillation
Indications for DOAC Level Measurement,partial_overlap,Evaluate DOAC level exposure - Residual DOAC level after elective interruption; Guide clinical decision-making - Urgent surgery,Evaluate DOAC level exposure; Identify predictors of DOAC level exposure; Guide clinical decision-making,4,Management of DOAC in Patients Undergoing Planned Surgery or Invasive Procedure: Italian Federation of Centers for the Diagnosis of Thrombotic Disorders and the Surveillance of the Antithrombotic Therapies (FCSA) Position Paper
Indications for DOAC Level Measurement,partial_overlap,Evaluate DOAC level exposure; Guide clinical decision-making,Evaluate DOAC level exposure; Measure correlation with other laboratory techniques,5,Stability of Direct Oral Anticoagulants Concentrations in Blood Samples for Accessibility Expansion of Chromogenic Assays
Indications for DOAC Level Measurement,partial_overlap,Guide clinical decision-making - Guide dose adjustment,Evaluate DOAC level exposure; Identify predictors of DOAC level exposure; Guide clinical decision-making; Measure correlation with other laboratory techniques; Risk prediction and clinical outcome association,6,Rivaroxaban dose adjustment using thrombin generation in severe congenital protein C deficiency and warfarin-induced skin necrosis
Indications for DOAC Level Measurement,partial_overlap,Measure correlation with other laboratory techniques - HPLC-MS vs calibrated anti-Xa measurement,Evaluate DOAC level exposure; Measure correlation with other laboratory techniques,8,Can an anti-Xa assay for low-molecular-weight heparin be used to assess the presence of rivaroxaban?
Indications for DOAC Level Measurement,partial_overlap,Evaluate DOAC level exposure; Guide clinical decision-making,Evaluate DOAC level exposure; Measure correlation with other laboratory techniques,9,"Feasibility, effectiveness, and safety of edoxaban administration through percutaneous endoscopic gastrostomy: 12-months follow up of the ORIGAMI study"
Indications for DOAC Level Measurement,no_overlap,Guide clinical decision-making - Urgent surgery; Guide clinical decision-making - Major bleeding and reversal agent administration; Guide clinical decision-making - Thrombolysis,Evaluate DOAC level exposure,10,Measurement of dabigatran: previously demonstrated Hemoclot® Thrombin Inhibitor assay reagent instability on Sysmex CS-2100i is no longer an issue
Indications for DOAC Level Measurement,partial_overlap,Evaluate DOAC level exposure - Bariatric surgery,Evaluate DOAC level exposure; Identify predictors of DOAC level exposure; Measure correlation with other laboratory techniques,11,Pharmacokinetics and pharmacodynamics of single doses of rivaroxaban in obese patients prior to and after bariatric surgery
Indications for DOAC Level Measurement,partial_overlap,Evaluate DOAC level exposure; Guide clinical decision-making; Measure correlation with other laboratory techniques,Evaluate DOAC level exposure,12,"Simultaneous Determination of Dabigatran, Rivaroxaban, and Apixaban in Human Plasma by Liquid Chromatography/Tandem Mass Spectrometry"
Indications for DOAC Level Measurement,partial_overlap,"Measure correlation with other laboratory techniques; Measure correlation with other laboratory techniques - Conventional coagulation testing (e.g., prothrombin time); Measure correlation with other laboratory techniques - HPLC-MS vs calibrated anti-Xa measurement",Evaluate DOAC level exposure; Measure correlation with other laboratory techniques,13,EFFECTS OF DIRECT ORAL ANTICOAGULANTS ON THROMBOELASTOGRAPHIC PARAMETERS AND FIBRIN CLOT PROPERTIES IN PATIENTS WITH VENOUS THROMBOEMBOLISM
Indications for DOAC Level Measurement,partial_overlap,"Measure correlation with other laboratory techniques - HPLC-MS vs calibrated anti-Xa measurement; Identify predictors of DOAC level exposure - Cmax, Ctrough, AUC",Evaluate DOAC level exposure; Identify predictors of DOAC level exposure,14,Apixaban and rivaroxaban's physiologically-based pharmacokinetic model validation in hospitalized patients: A first step for larger use of a priori modeling approach at bed side
Indications for DOAC Level Measurement,partial_overlap,Risk prediction and clinical outcome association - Bleeding; Risk prediction and clinical outcome association - Thrombosis,Evaluate DOAC level exposure; Identify predictors of DOAC level exposure; Risk prediction and clinical outcome association,15,Associations between model-predicted rivaroxaban exposure and patient characteristics and efficacy and safety outcomes in the treatment of venous thromboembolism
Indications for DOAC Level Measurement,partial_overlap,"Evaluate DOAC level exposure; Identify predictors of DOAC level exposure; Guide clinical decision-making; Evaluate DOAC level exposure - Drug-DOAC interaction; Identify predictors of DOAC level exposure - Cmax, Ctrough, AUC",Evaluate DOAC level exposure; Identify predictors of DOAC level exposure; Measure correlation with other laboratory techniques; Risk prediction and clinical outcome association,16,Assessment of DOAC in GEriatrics (ADAGE Study): Rivaroxaban/Apixaban Concentrations and Thrombin Generation Profiles in NVAF Very Elderly Patients
Indications for DOAC Level Measurement,partial_overlap,Guide clinical decision-making; Guide clinical decision-making - Thrombolysis,Guide clinical decision-making; Risk prediction and clinical outcome association,17,Intravenous Thrombolysis in Patients With Ischemic Stroke and Recent Ingestion of Direct Oral Anticoagulants
Indications for DOAC Level Measurement,partial_overlap,"Evaluate DOAC level exposure - Drug-DOAC interaction; Identify predictors of DOAC level exposure; Identify predictors of DOAC level exposure - Cmax, Ctrough, AUC; Guide clinical decision-making - Guide dose adjustment",Evaluate DOAC level exposure; Identify predictors of DOAC level exposure,18,Impact of the Genotype and Phenotype of CYP3A and P-gp on the Apixaban and Rivaroxaban Exposure in a Real-World Setting
Indications for DOAC Level Measurement,partial_overlap,"Identify predictors of DOAC level exposure - Cmax, Ctrough, AUC",Evaluate DOAC level exposure; Identify predictors of DOAC level exposure,19,Effect of pregnane X receptor and cytochrome P450 oxidoreductase gene polymorphisms on trough concentrations of rivaroxaban and edoxaban in patients with nonvalvular atrial fibrillation
Indications for DOAC Level Measurement,partial_overlap,Evaluate DOAC level exposure; Identify predictors of DOAC level exposure; Risk prediction and clinical outcome association - Thrombosis,Evaluate DOAC level exposure; Risk prediction and clinical outcome association,20,Low drug levels and thrombotic complications in high-risk atrial fibrillation patients treated with direct oral anticoagulants
Indications for DOAC Level Measurement,no_overlap,Guide clinical decision-making - Major bleeding and reversal agent administration,Evaluate DOAC level exposure; Measure correlation with other laboratory techniques; Risk prediction and clinical outcome association,22,Haematological management of major bleeding associated with direct oral anticoagulants – UK experience
Indications for DOAC Level Measurement,partial_overlap,Confirm adherence,Confirm adherence; Identify predictors of DOAC level exposure,23,Identification and Management of Noncompliance in Atrial Fibrillation Patients Receiving Dabigatran: The Role of a Drug Monitor
Indications for DOAC Level Measurement,partial_overlap,"Evaluate DOAC level exposure - Chronic kidney failure; Identify predictors of DOAC level exposure - Cmax, Ctrough, AUC; Guide clinical decision-making - Guide dose adjustment",Evaluate DOAC level exposure; Identify predictors of DOAC level exposure,24,Model-based Dose Selection for Phase III Rivaroxaban Study in Japanese Patients with Non-valvular Atrial Fibrillation
Indications for DOAC Level Measurement,partial_overlap,Evaluate DOAC level exposure - Residual DOAC level after elective interruption,Evaluate DOAC level exposure; Measure correlation with other laboratory techniques,25,"Initiation of rivaroxaban following low molecular weight heparin for thromboprophylaxis after total joint replacement: The Safe, Simple Transitions (SST) study"
Indications for DOAC Level Measurement,partial_overlap,Guide clinical decision-making - Urgent surgery; Guide clinical decision-making - Major bleeding and reversal agent administration,Guide clinical decision-making; Measure correlation with other laboratory techniques,26,Case report: biliary pancreatitis with acute cholangitis in a patient under anticoagulant treatment with dabigatran
Indications for DOAC Level Measurement,partial_overlap,Guide clinical decision-making - Urgent surgery,Evaluate DOAC level exposure; Guide clinical decision-making; Risk prediction and clinical outcome association,28,Pre-Operative Direct Oral Anticoagulant Level Measurement Reduces Time to Surgery in Hip Fracture Patients
Indications for DOAC Level Measurement,partial_overlap,Measure correlation with other laboratory techniques - HPLC-MS vs calibrated anti-Xa measurement,Evaluate DOAC level exposure; Measure correlation with other laboratory techniques,29,COMPARISON OF QUANTITATIVE ANALYTICAL TECHNIQUES FOR DABIGATRAN IN BLOOD PLASMA OF HUMANS WITH KNEE REPLACEMENTS
Indications for DOAC Level Measurement,partial_overlap,Guide clinical decision-making - Thrombolysis,Guide clinical decision-making; Measure correlation with other laboratory techniques,30,Acute ischemic stroke and measurement of apixaban and rivaroxaban: an observational cohort implementation study
Indications for DOAC Level Measurement,partial_overlap,"Evaluate DOAC level exposure; Measure correlation with other laboratory techniques; Measure correlation with other laboratory techniques - Conventional coagulation testing (e.g., prothrombin time); Measure correlation with other laboratory techniques - HPLC-MS vs calibrated anti-Xa measurement; Risk prediction and clinical outcome association",Evaluate DOAC level exposure; Identify predictors of DOAC level exposure; Measure correlation with other laboratory techniques,31,"Edoxaban plasma levels in patients with non-valvular atrial fibrillation: Inter and intra-individual variability, correlation with coagulation screening test and renal function"
Indications for DOAC Level Measurement,partial_overlap,Evaluate DOAC level exposure; Guide clinical decision-making,Evaluate DOAC level exposure; Identify predictors of DOAC level exposure; Measure correlation with other laboratory techniques,32,Dabigatran With or Without Concomitant Aspirin Compared With Warfarin Alone in Patients With Nonvalvular Atrial Fibrillation (PETRO Study)
Indications for DOAC Level Measurement,partial_overlap,Evaluate DOAC level exposure; Confirm adherence,Evaluate DOAC level exposure; Identify predictors of DOAC level exposure,34,Real-World Rivaroxaban and Apixaban Levels in Asian Patients With Atrial Fibrillation
Indications for DOAC Level Measurement,partial_overlap,Evaluate DOAC level exposure - Chronic kidney failure,Evaluate DOAC level exposure; Measure correlation with other laboratory techniques,36,"Pharmacokinetics, Pharmacodynamics, and Safety of Single-Dose Rivaroxaban in Chronic Hemodialysis"
Indications for DOAC Level Measurement,partial_overlap,Evaluate DOAC level exposure - Obesity,Evaluate DOAC level exposure; Risk prediction and clinical outcome association,37,"The Pharmacology, Efficacy, and Safety of Rivaroxaban in Obese Patient Populations"
Indications for DOAC Level Measurement,partial_overlap,Evaluate DOAC level exposure - Residual DOAC level after elective interruption; Guide clinical decision-making - Urgent surgery; Guide clinical decision-making - Major bleeding and reversal agent administration; Guide clinical decision-making - Thrombolysis; Guide clinical decision-making - Guide dose adjustment; Risk prediction and clinical outcome association - Bleeding; Risk prediction and clinical outcome association - Thrombosis,Evaluate DOAC level exposure; Identify predictors of DOAC level exposure,38,Dabigatran is Less Effective Than Warfarin at Attenuating Mechanical Heart Valve-Induced Thrombin Generation
Indications for DOAC Level Measurement,partial_overlap,Evaluate DOAC level exposure - Chronic kidney failure,Evaluate DOAC level exposure; Guide clinical decision-making,39,Dabigatran versus Warfarin in Patients with Mechanical Heart Valves
Indications for DOAC Level Measurement,partial_overlap,"Evaluate DOAC level exposure; Identify predictors of DOAC level exposure - Cmax, Ctrough, AUC; Guide clinical decision-making - Guide dose adjustment",Confirm adherence; Evaluate DOAC level exposure; Identify predictors of DOAC level exposure,41,Factors Associated With Edoxaban Concentration Among Patients With Atrial Fibrillation
Indications for DOAC Level Measurement,partial_overlap,Evaluate DOAC level exposure - Chronic kidney failure; Evaluate DOAC level exposure - Obesity; Evaluate DOAC level exposure - Drug-DOAC interaction,Evaluate DOAC level exposure; Identify predictors of DOAC level exposure; Guide clinical decision-making; Risk prediction and clinical outcome association,42,Dose reduction of edoxaban preserves efficacy and safety for the treatment of venous thromboembolism
Indications for DOAC Level Measurement,partial_overlap,Evaluate DOAC level exposure - Bariatric surgery; Evaluate DOAC level exposure - Obesity,Evaluate DOAC level exposure; Identify predictors of DOAC level exposure; Guide clinical decision-making,43,"Anti-Xa Levels in Morbidly Obese Patients Using Apixaban or Rivaroxaban, Before and After Bariatric Surgery"
Indications for DOAC Level Measurement,partial_overlap,"Measure correlation with other laboratory techniques; Measure correlation with other laboratory techniques - Conventional coagulation testing (e.g., prothrombin time); Measure correlation with other laboratory techniques - HPLC-MS vs calibrated anti-Xa measurement; Risk prediction and clinical outcome association - Bleeding; Risk prediction and clinical outcome association - Thrombosis",Evaluate DOAC level exposure; Measure correlation with other laboratory techniques,48,Anticoagulant Effects of Dabigatran in Paediatric Patients Compared with Adults: Combined Data from Three Paediatric Clinical Trials
Indications for DOAC Level Measurement,partial_overlap,Measure correlation with other laboratory techniques - HPLC-MS vs calibrated anti-Xa measurement,Evaluate DOAC level exposure; Measure correlation with other laboratory techniques,49,Heparin-Calibrated Chromogenic Anti-Xa Activity Measurements in Patients Receiving Rivaroxaban: Can This Test Be Used to Quantify Drug Level?
Pre-Analytical Variables,hu_blank_ai_populated,Blood collection procedures; Collection tube type; Centrifugation speed; Storage temperature,,1,Potential treatment option of rivaroxaban for breastfeeding women: A case series
Pre-Analytical Variables,partial_overlap,Blood collection procedures; Collection tube type; Centrifugation speed; Storage temperature,Blood collection procedure,2,The assessment of anticoagulant activity to predict bleeding outcome in atrial fibrillation patients receiving dabigatran etexilate
Pre-Analytical Variables,hu_blank_ai_populated,Blood collection procedures; Collection tube type; Centrifugation speed; Storage temperature,,4,Management of DOAC in Patients Undergoing Planned Surgery or Invasive Procedure: Italian Federation of Centers for the Diagnosis of Thrombotic Disorders and the Surveillance of the Antithrombotic Therapies (FCSA) Position Paper
Pre-Analytical Variables,partial_overlap,Blood collection procedures; Collection tube type; Centrifugation speed; Storage temperature,Blood collection procedure; Collection tube type; Centrifugation speed,7,Point-of-Care Coagulation Testing for Assessment of the Pharmacodynamic Anticoagulant Effect of Direct Oral Anticoagulant
Pre-Analytical Variables,partial_overlap,Blood collection procedures; Collection tube type; Centrifugation speed; Storage temperature,Collection tube type; Centrifugation speed; Storage temperature,8,Can an anti-Xa assay for low-molecular-weight heparin be used to assess the presence of rivaroxaban?
Pre-Analytical Variables,partial_overlap,Blood collection procedures; Collection tube type; Centrifugation speed; Storage temperature,Blood collection procedure,9,"Feasibility, effectiveness, and safety of edoxaban administration through percutaneous endoscopic gastrostomy: 12-months follow up of the ORIGAMI study"
Pre-Analytical Variables,partial_overlap,Blood collection procedures; Collection tube type; Centrifugation speed; Storage temperature,Blood collection procedure; Collection tube type; Centrifugation speed,10,Measurement of dabigatran: previously demonstrated Hemoclot® Thrombin Inhibitor assay reagent instability on Sysmex CS-2100i is no longer an issue
Pre-Analytical Variables,partial_overlap,Blood collection procedures; Collection tube type; Centrifugation speed; Storage temperature,Blood collection procedure,11,Pharmacokinetics and pharmacodynamics of single doses of rivaroxaban in obese patients prior to and after bariatric surgery
Pre-Analytical Variables,partial_overlap,Blood collection procedures; Collection tube type; Centrifugation speed; Storage temperature,Centrifugation speed; Storage temperature,12,"Simultaneous Determination of Dabigatran, Rivaroxaban, and Apixaban in Human Plasma by Liquid Chromatography/Tandem Mass Spectrometry"
Pre-Analytical Variables,partial_overlap,Blood collection procedures; Collection tube type; Centrifugation speed; Storage temperature,Blood collection procedure,14,Apixaban and rivaroxaban's physiologically-based pharmacokinetic model validation in hospitalized patients: A first step for larger use of a priori modeling approach at bed side
Pre-Analytical Variables,hu_blank_ai_populated,Blood collection procedures; Collection tube type; Centrifugation speed; Storage temperature,,17,Intravenous Thrombolysis in Patients With Ischemic Stroke and Recent Ingestion of Direct Oral Anticoagulants
Pre-Analytical Variables,partial_overlap,Blood collection procedures; Collection tube type; Centrifugation speed; Storage temperature,Blood collection procedure; Collection tube type; Storage temperature,18,Impact of the Genotype and Phenotype of CYP3A and P-gp on the Apixaban and Rivaroxaban Exposure in a Real-World Setting
Pre-Analytical Variables,partial_overlap,Blood collection procedures; Collection tube type; Centrifugation speed; Storage temperature,Blood collection procedure,23,Identification and Management of Noncompliance in Atrial Fibrillation Patients Receiving Dabigatran: The Role of a Drug Monitor
Pre-Analytical Variables,hu_blank_ai_populated,Blood collection procedures; Collection tube type; Centrifugation speed; Storage temperature,,24,Model-based Dose Selection for Phase III Rivaroxaban Study in Japanese Patients with Non-valvular Atrial Fibrillation
Pre-Analytical Variables,partial_overlap,Blood collection procedures; Collection tube type; Centrifugation speed; Storage temperature,Blood collection procedure,25,"Initiation of rivaroxaban following low molecular weight heparin for thromboprophylaxis after total joint replacement: The Safe, Simple Transitions (SST) study"
Pre-Analytical Variables,partial_overlap,Blood collection procedures; Collection tube type; Centrifugation speed; Storage temperature,Blood collection procedure; Centrifugation speed; Storage temperature,27,Dabigatran plasma concentration indicated the risk of patients with non-valvular atrial fibrillation
Pre-Analytical Variables,hu_blank_ai_populated,Collection tube type; Centrifugation speed; Storage temperature,,28,Pre-Operative Direct Oral Anticoagulant Level Measurement Reduces Time to Surgery in Hip Fracture Patients
Pre-Analytical Variables,hu_blank_ai_populated,Blood collection procedures; Collection tube type; Centrifugation speed; Storage temperature,,32,Dabigatran With or Without Concomitant Aspirin Compared With Warfarin Alone in Patients With Nonvalvular Atrial Fibrillation (PETRO Study)
Pre-Analytical Variables,partial_overlap,Blood collection procedures; Collection tube type; Centrifugation speed; Storage temperature,Blood collection procedure,36,"Pharmacokinetics, Pharmacodynamics, and Safety of Single-Dose Rivaroxaban in Chronic Hemodialysis"
Pre-Analytical Variables,partial_overlap,Blood collection procedures; Collection tube type; Centrifugation speed; Storage temperature,Blood collection procedure; Storage temperature,40,Remaining activity of temporary interrupted direct oral anticoagulants and its impact on intra-ablation heparinization in patients with atrial fibrillation: Comparisons across four drugs and two dose regimens
Pre-Analytical Variables,partial_overlap,Blood collection procedures; Collection tube type; Centrifugation speed; Storage temperature,Blood collection procedure; Collection tube type; Storage temperature,41,Factors Associated With Edoxaban Concentration Among Patients With Atrial Fibrillation
Pre-Analytical Variables,hu_blank_ai_populated,Blood collection procedures; Collection tube type; Centrifugation speed; Storage temperature,,42,Dose reduction of edoxaban preserves efficacy and safety for the treatment of venous thromboembolism
Pre-Analytical Variables,hu_blank_ai_populated,Blood collection procedures; Collection tube type; Centrifugation speed; Storage temperature,,43,"Anti-Xa Levels in Morbidly Obese Patients Using Apixaban or Rivaroxaban, Before and After Bariatric Surgery"
Pre-Analytical Variables,partial_overlap,Collection tube type; Centrifugation speed; Storage temperature,Blood collection procedure; Collection tube type; Storage temperature,44,Apixaban-Calibrated Anti-FXa Activity in Relation to Outcome Events and Clinical Characteristics in Patients with Atrial Fibrillation: Results from the AVERROES Trial
Pre-Analytical Variables,partial_overlap,Collection tube type; Centrifugation speed; Storage temperature,Blood collection procedure; Collection tube type,47,Laboratory measurement of apixaban using anti-factor Xa assays in acute ischemic stroke patients with non-valvular atrial fibrillation
Pre-Analytical Variables,hu_blank_ai_populated,Collection tube type; Centrifugation speed; Storage temperature,,48,Anticoagulant Effects of Dabigatran in Paediatric Patients Compared with Adults: Combined Data from Three Paediatric Clinical Trials
Pre-Analytical Variables,partial_overlap,Blood collection procedures; Collection tube type; Centrifugation speed; Storage temperature,Blood collection procedure; Storage temperature,49,Heparin-Calibrated Chromogenic Anti-Xa Activity Measurements in Patients Receiving Rivaroxaban: Can This Test Be Used to Quantify Drug Level?
Conventional Coag Tests Concurrent,hu_blank_ai_populated,Prothrombin time (PT); Activated partial thromboplastin time (aPTT),,3,Factors affecting serum concentration of dabigatran in Asian patients with non-valvular atrial fibrillation
Conventional Coag Tests Concurrent,hu_blank_ai_populated,Prothrombin time (PT); Activated partial thromboplastin time (aPTT),,5,Stability of Direct Oral Anticoagulants Concentrations in Blood Samples for Accessibility Expansion of Chromogenic Assays
Conventional Coag Tests Concurrent,hu_blank_ai_populated,Activated partial thromboplastin time (aPTT),,29,COMPARISON OF QUANTITATIVE ANALYTICAL TECHNIQUES FOR DABIGATRAN IN BLOOD PLASMA OF HUMANS WITH KNEE REPLACEMENTS
Conventional Coag Tests Concurrent,hu_blank_ai_populated,Prothrombin time (PT); Activated partial thromboplastin time (aPTT),,30,Acute ischemic stroke and measurement of apixaban and rivaroxaban: an observational cohort implementation study
Conventional Coag Tests Concurrent,hu_blank_ai_populated,Prothrombin time (PT); Activated partial thromboplastin time (aPTT),,37,"The Pharmacology, Efficacy, and Safety of Rivaroxaban in Obese Patient Populations"
Conventional Coag Tests Concurrent,hu_blank_ai_populated,Prothrombin time (PT),,39,Dabigatran versus Warfarin in Patients with Mechanical Heart Valves
Conventional Coag Tests Concurrent,hu_blank_ai_populated,Prothrombin time (PT); Activated partial thromboplastin time (aPTT),,40,Remaining activity of temporary interrupted direct oral anticoagulants and its impact on intra-ablation heparinization in patients with atrial fibrillation: Comparisons across four drugs and two dose regimens
Conventional Coag Tests Concurrent,hu_blank_ai_populated,Prothrombin time (PT),,42,Dose reduction of edoxaban preserves efficacy and safety for the treatment of venous thromboembolism
Global Coag Tests,hu_blank_ai_populated,Viscoelastic testing (ROTEM/TEG),,7,Point-of-Care Coagulation Testing for Assessment of the Pharmacodynamic Anticoagulant Effect of Direct Oral Anticoagulant
Global Coag Tests,no_overlap,Viscoelastic testing (ROTEM/TEG),Viscoelastic Testing (TEG/ROTEM),13,EFFECTS OF DIRECT ORAL ANTICOAGULANTS ON THROMBOELASTOGRAPHIC PARAMETERS AND FIBRIN CLOT PROPERTIES IN PATIENTS WITH VENOUS THROMBOEMBOLISM
Global Coag Tests,hu_blank_ai_populated,Viscoelastic testing (ROTEM/TEG); Thrombin Generation Assay (TGA),,24,Model-based Dose Selection for Phase III Rivaroxaban Study in Japanese Patients with Non-valvular Atrial Fibrillation
Timing of DOAC Level Measurement,ai_blank_hu_populated,,Random level,0,High fracture and DOAC level: A retrospective study of 72 cases
Timing of DOAC Level Measurement,partial_overlap,Peak level (2–4 hours post-dose); Trough level (just prior to next dose),"Peak level (2-4 hours post-dose); Trough level (just prior to next dose, ~ 11 hours post-dose for apixaban/dabigatran and ~23 hours post-dose for rivaroxaban/edoxaban)",1,Potential treatment option of rivaroxaban for breastfeeding women: A case series
Timing of DOAC Level Measurement,no_overlap,Trough level (just prior to next dose),"Trough level (just prior to next dose, ~ 11 hours post-dose for apixaban/dabigatran and ~23 hours post-dose for rivaroxaban/edoxaban)",2,The assessment of anticoagulant activity to predict bleeding outcome in atrial fibrillation patients receiving dabigatran etexilate
Timing of DOAC Level Measurement,partial_overlap,Trough level (just prior to next dose); Peak level (2–4 hours post-dose),"Peak level (2-4 hours post-dose); Trough level (just prior to next dose, ~ 11 hours post-dose for apixaban/dabigatran and ~23 hours post-dose for rivaroxaban/edoxaban)",3,Factors affecting serum concentration of dabigatran in Asian patients with non-valvular atrial fibrillation
Timing of DOAC Level Measurement,ai_blank_hu_populated,,"Trough level (just prior to next dose, ~ 11 hours post-dose for apixaban/dabigatran and ~23 hours post-dose for rivaroxaban/edoxaban)",4,Management of DOAC in Patients Undergoing Planned Surgery or Invasive Procedure: Italian Federation of Centers for the Diagnosis of Thrombotic Disorders and the Surveillance of the Antithrombotic Therapies (FCSA) Position Paper
Timing of DOAC Level Measurement,ai_blank_hu_populated,,Random level,5,Stability of Direct Oral Anticoagulants Concentrations in Blood Samples for Accessibility Expansion of Chromogenic Assays
Timing of DOAC Level Measurement,ai_blank_hu_populated,,"Peak level (2-4 hours post-dose); Trough level (just prior to next dose, ~ 11 hours post-dose for apixaban/dabigatran and ~23 hours post-dose for rivaroxaban/edoxaban)",6,Rivaroxaban dose adjustment using thrombin generation in severe congenital protein C deficiency and warfarin-induced skin necrosis
Timing of DOAC Level Measurement,partial_overlap,Peak level (2–4 hours post-dose); Trough level (just prior to next dose),"Peak level (2-4 hours post-dose); Trough level (just prior to next dose, ~ 11 hours post-dose for apixaban/dabigatran and ~23 hours post-dose for rivaroxaban/edoxaban)",7,Point-of-Care Coagulation Testing for Assessment of the Pharmacodynamic Anticoagulant Effect of Direct Oral Anticoagulant
Timing of DOAC Level Measurement,ai_blank_hu_populated,,Random level; Timing not reported,8,Can an anti-Xa assay for low-molecular-weight heparin be used to assess the presence of rivaroxaban?
Timing of DOAC Level Measurement,ai_blank_hu_populated,,Peak level (2-4 hours post-dose),9,"Feasibility, effectiveness, and safety of edoxaban administration through percutaneous endoscopic gastrostomy: 12-months follow up of the ORIGAMI study"
Timing of DOAC Level Measurement,ai_blank_hu_populated,,Random level; Timing not reported,10,Measurement of dabigatran: previously demonstrated Hemoclot® Thrombin Inhibitor assay reagent instability on Sysmex CS-2100i is no longer an issue
Timing of DOAC Level Measurement,ai_blank_hu_populated,,"Peak level (2-4 hours post-dose); Trough level (just prior to next dose, ~ 11 hours post-dose for apixaban/dabigatran and ~23 hours post-dose for rivaroxaban/edoxaban); Random level",11,Pharmacokinetics and pharmacodynamics of single doses of rivaroxaban in obese patients prior to and after bariatric surgery
Timing of DOAC Level Measurement,ai_blank_hu_populated,,Timing not reported,12,"Simultaneous Determination of Dabigatran, Rivaroxaban, and Apixaban in Human Plasma by Liquid Chromatography/Tandem Mass Spectrometry"
Timing of DOAC Level Measurement,ai_blank_hu_populated,,Random level,13,EFFECTS OF DIRECT ORAL ANTICOAGULANTS ON THROMBOELASTOGRAPHIC PARAMETERS AND FIBRIN CLOT PROPERTIES IN PATIENTS WITH VENOUS THROMBOEMBOLISM
Timing of DOAC Level Measurement,ai_blank_hu_populated,,"Peak level (2-4 hours post-dose); Trough level (just prior to next dose, ~ 11 hours post-dose for apixaban/dabigatran and ~23 hours post-dose for rivaroxaban/edoxaban)",14,Apixaban and rivaroxaban's physiologically-based pharmacokinetic model validation in hospitalized patients: A first step for larger use of a priori modeling approach at bed side
Timing of DOAC Level Measurement,ai_blank_hu_populated,,Timing not reported,15,Associations between model-predicted rivaroxaban exposure and patient characteristics and efficacy and safety outcomes in the treatment of venous thromboembolism
Timing of DOAC Level Measurement,partial_overlap,Peak level (2–4 hours post-dose); Trough level (just prior to next dose),"Peak level (2-4 hours post-dose); Trough level (just prior to next dose, ~ 11 hours post-dose for apixaban/dabigatran and ~23 hours post-dose for rivaroxaban/edoxaban)",16,Assessment of DOAC in GEriatrics (ADAGE Study): Rivaroxaban/Apixaban Concentrations and Thrombin Generation Profiles in NVAF Very Elderly Patients
Timing of DOAC Level Measurement,ai_blank_hu_populated,,Timing not reported,17,Intravenous Thrombolysis in Patients With Ischemic Stroke and Recent Ingestion of Direct Oral Anticoagulants
Timing of DOAC Level Measurement,ai_blank_hu_populated,,"Peak level (2-4 hours post-dose); Trough level (just prior to next dose, ~ 11 hours post-dose for apixaban/dabigatran and ~23 hours post-dose for rivaroxaban/edoxaban)",18,Impact of the Genotype and Phenotype of CYP3A and P-gp on the Apixaban and Rivaroxaban Exposure in a Real-World Setting
Timing of DOAC Level Measurement,ai_blank_hu_populated,,"Trough level (just prior to next dose, ~ 11 hours post-dose for apixaban/dabigatran and ~23 hours post-dose for rivaroxaban/edoxaban)",19,Effect of pregnane X receptor and cytochrome P450 oxidoreductase gene polymorphisms on trough concentrations of rivaroxaban and edoxaban in patients with nonvalvular atrial fibrillation
Timing of DOAC Level Measurement,no_overlap,Trough level (just prior to next dose),"Trough level (just prior to next dose, ~ 11 hours post-dose for apixaban/dabigatran and ~23 hours post-dose for rivaroxaban/edoxaban)",20,Low drug levels and thrombotic complications in high-risk atrial fibrillation patients treated with direct oral anticoagulants
Timing of DOAC Level Measurement,ai_blank_hu_populated,,Random level,21,The Effect of Direct Oral Anticoagulants on Antithrombin Activity Testing Is Abolished by DOAC-Stop in Venous Thromboembolism Patients
Timing of DOAC Level Measurement,ai_blank_hu_populated,,Random level; Timing not reported,22,Haematological management of major bleeding associated with direct oral anticoagulants – UK experience
Timing of DOAC Level Measurement,ai_blank_hu_populated,,"Trough level (just prior to next dose, ~ 11 hours post-dose for apixaban/dabigatran and ~23 hours post-dose for rivaroxaban/edoxaban)",23,Identification and Management of Noncompliance in Atrial Fibrillation Patients Receiving Dabigatran: The Role of a Drug Monitor
Timing of DOAC Level Measurement,ai_blank_hu_populated,,Peak level (2-4 hours post-dose),24,Model-based Dose Selection for Phase III Rivaroxaban Study in Japanese Patients with Non-valvular Atrial Fibrillation
Timing of DOAC Level Measurement,ai_blank_hu_populated,,"Peak level (2-4 hours post-dose); Trough level (just prior to next dose, ~ 11 hours post-dose for apixaban/dabigatran and ~23 hours post-dose for rivaroxaban/edoxaban)",25,"Initiation of rivaroxaban following low molecular weight heparin for thromboprophylaxis after total joint replacement: The Safe, Simple Transitions (SST) study"
Timing of DOAC Level Measurement,ai_blank_hu_populated,,Peak level (2-4 hours post-dose),26,Case report: biliary pancreatitis with acute cholangitis in a patient under anticoagulant treatment with dabigatran
Timing of DOAC Level Measurement,partial_overlap,Trough level (just prior to next dose); Peak level (2–4 hours post-dose),"Peak level (2-4 hours post-dose); Trough level (just prior to next dose, ~ 11 hours post-dose for apixaban/dabigatran and ~23 hours post-dose for rivaroxaban/edoxaban)",27,Dabigatran plasma concentration indicated the risk of patients with non-valvular atrial fibrillation
Timing of DOAC Level Measurement,ai_blank_hu_populated,,Random level,28,Pre-Operative Direct Oral Anticoagulant Level Measurement Reduces Time to Surgery in Hip Fracture Patients
Timing of DOAC Level Measurement,ai_blank_hu_populated,,"Peak level (2-4 hours post-dose); Trough level (just prior to next dose, ~ 11 hours post-dose for apixaban/dabigatran and ~23 hours post-dose for rivaroxaban/edoxaban)",29,COMPARISON OF QUANTITATIVE ANALYTICAL TECHNIQUES FOR DABIGATRAN IN BLOOD PLASMA OF HUMANS WITH KNEE REPLACEMENTS
Timing of DOAC Level Measurement,ai_blank_hu_populated,,Random level,30,Acute ischemic stroke and measurement of apixaban and rivaroxaban: an observational cohort implementation study
Timing of DOAC Level Measurement,partial_overlap,Trough level (just prior to next dose); Peak level (2–4 hours post-dose),"Peak level (2-4 hours post-dose); Trough level (just prior to next dose, ~ 11 hours post-dose for apixaban/dabigatran and ~23 hours post-dose for rivaroxaban/edoxaban)",31,"Edoxaban plasma levels in patients with non-valvular atrial fibrillation: Inter and intra-individual variability, correlation with coagulation screening test and renal function"
Timing of DOAC Level Measurement,ai_blank_hu_populated,,"Trough level (just prior to next dose, ~ 11 hours post-dose for apixaban/dabigatran and ~23 hours post-dose for rivaroxaban/edoxaban)",32,Dabigatran With or Without Concomitant Aspirin Compared With Warfarin Alone in Patients With Nonvalvular Atrial Fibrillation (PETRO Study)
Timing of DOAC Level Measurement,ai_blank_hu_populated,,"Trough level (just prior to next dose, ~ 11 hours post-dose for apixaban/dabigatran and ~23 hours post-dose for rivaroxaban/edoxaban)",33,Pharmacokinetic drug–drug interaction between olaparib and apixaban: a case report
Timing of DOAC Level Measurement,partial_overlap,Peak level (2–4 hours post-dose); Trough level (just prior to next dose),"Peak level (2-4 hours post-dose); Trough level (just prior to next dose, ~ 11 hours post-dose for apixaban/dabigatran and ~23 hours post-dose for rivaroxaban/edoxaban)",34,Real-World Rivaroxaban and Apixaban Levels in Asian Patients With Atrial Fibrillation
Timing of DOAC Level Measurement,ai_blank_hu_populated,,Peak level (2-4 hours post-dose),35,Management strategies of the interaction between direct oral anticoagulant and drug-metabolizing enzyme inducers
Timing of DOAC Level Measurement,ai_blank_hu_populated,,"Trough level (just prior to next dose, ~ 11 hours post-dose for apixaban/dabigatran and ~23 hours post-dose for rivaroxaban/edoxaban)",36,"Pharmacokinetics, Pharmacodynamics, and Safety of Single-Dose Rivaroxaban in Chronic Hemodialysis"
Timing of DOAC Level Measurement,ai_blank_hu_populated,,Timing not reported,37,"The Pharmacology, Efficacy, and Safety of Rivaroxaban in Obese Patient Populations"
Timing of DOAC Level Measurement,ai_blank_hu_populated,,"Peak level (2-4 hours post-dose); Trough level (just prior to next dose, ~ 11 hours post-dose for apixaban/dabigatran and ~23 hours post-dose for rivaroxaban/edoxaban)",38,Dabigatran is Less Effective Than Warfarin at Attenuating Mechanical Heart Valve-Induced Thrombin Generation
Timing of DOAC Level Measurement,ai_blank_hu_populated,,"Trough level (just prior to next dose, ~ 11 hours post-dose for apixaban/dabigatran and ~23 hours post-dose for rivaroxaban/edoxaban)",39,Dabigatran versus Warfarin in Patients with Mechanical Heart Valves
Timing of DOAC Level Measurement,ai_blank_hu_populated,,"Trough level (just prior to next dose, ~ 11 hours post-dose for apixaban/dabigatran and ~23 hours post-dose for rivaroxaban/edoxaban)",40,Remaining activity of temporary interrupted direct oral anticoagulants and its impact on intra-ablation heparinization in patients with atrial fibrillation: Comparisons across four drugs and two dose regimens
Timing of DOAC Level Measurement,partial_overlap,Peak level (2–4 hours post-dose); Trough level (just prior to next dose),"Peak level (2-4 hours post-dose); Trough level (just prior to next dose, ~ 11 hours post-dose for apixaban/dabigatran and ~23 hours post-dose for rivaroxaban/edoxaban)",41,Factors Associated With Edoxaban Concentration Among Patients With Atrial Fibrillation
Timing of DOAC Level Measurement,ai_blank_hu_populated,,"Peak level (2-4 hours post-dose); Trough level (just prior to next dose, ~ 11 hours post-dose for apixaban/dabigatran and ~23 hours post-dose for rivaroxaban/edoxaban)",42,Dose reduction of edoxaban preserves efficacy and safety for the treatment of venous thromboembolism
Timing of DOAC Level Measurement,ai_blank_hu_populated,,Peak level (2-4 hours post-dose),43,"Anti-Xa Levels in Morbidly Obese Patients Using Apixaban or Rivaroxaban, Before and After Bariatric Surgery"
Timing of DOAC Level Measurement,no_overlap,Trough level (just prior to next dose),"Trough level (just prior to next dose, ~ 11 hours post-dose for apixaban/dabigatran and ~23 hours post-dose for rivaroxaban/edoxaban)",44,Apixaban-Calibrated Anti-FXa Activity in Relation to Outcome Events and Clinical Characteristics in Patients with Atrial Fibrillation: Results from the AVERROES Trial
Timing of DOAC Level Measurement,ai_blank_hu_populated,,Random level,45,Influence of apixaban on antifactor Xa levels in a patient with acute kidney injury
Timing of DOAC Level Measurement,ai_blank_hu_populated,,"Peak level (2-4 hours post-dose); Trough level (just prior to next dose, ~ 11 hours post-dose for apixaban/dabigatran and ~23 hours post-dose for rivaroxaban/edoxaban)",46,Population pharmacokinetic analysis for dabigatran etexilate in Chinese patients with non-valvular atrial fibrillation
Timing of DOAC Level Measurement,partial_overlap,Trough level (just prior to next dose); Peak level (2–4 hours post-dose),"Peak level (2-4 hours post-dose); Trough level (just prior to next dose, ~ 11 hours post-dose for apixaban/dabigatran and ~23 hours post-dose for rivaroxaban/edoxaban)",47,Laboratory measurement of apixaban using anti-factor Xa assays in acute ischemic stroke patients with non-valvular atrial fibrillation
Timing of DOAC Level Measurement,ai_blank_hu_populated,,Timing not reported,48,Anticoagulant Effects of Dabigatran in Paediatric Patients Compared with Adults: Combined Data from Three Paediatric Clinical Trials
Timing of DOAC Level Measurement,partial_overlap,Trough level (just prior to next dose); Peak level (2–4 hours post-dose),"Peak level (2-4 hours post-dose); Trough level (just prior to next dose, ~ 11 hours post-dose for apixaban/dabigatran and ~23 hours post-dose for rivaroxaban/edoxaban)",49,Heparin-Calibrated Chromogenic Anti-Xa Activity Measurements in Patients Receiving Rivaroxaban: Can This Test Be Used to Quantify Drug Level?
Clinical Outcomes Measured?,string_mismatch,No,Yes,0,High fracture and DOAC level: A retrospective study of 72 cases
Clinical Outcomes Measured?,string_mismatch,Yes,No,18,Impact of the Genotype and Phenotype of CYP3A and P-gp on the Apixaban and Rivaroxaban Exposure in a Real-World Setting
Clinical Outcomes Measured?,string_mismatch,Yes,No,35,Management strategies of the interaction between direct oral anticoagulant and drug-metabolizing enzyme inducers
Clinical Outcomes Measured?,string_mismatch,No,Yes,37,"The Pharmacology, Efficacy, and Safety of Rivaroxaban in Obese Patient Populations"
Clinical Outcomes Measured?,string_mismatch,Yes,No,41,Factors Associated With Edoxaban Concentration Among Patients With Atrial Fibrillation
Clinical Outcomes Measured?,string_mismatch,Yes,No,45,Influence of apixaban on antifactor Xa levels in a patient with acute kidney injury
Clinical Outcomes,ai_blank_hu_populated,,Bleeding/Hemostasis,0,High fracture and DOAC level: A retrospective study of 72 cases
Clinical Outcomes,partial_overlap,Bleeding/Hemostasis; Thromboembolism; Stroke/Transient Ischemic Attack (TIA),Bleeding/Hemostasis; Thromboembolism,2,The assessment of anticoagulant activity to predict bleeding outcome in atrial fibrillation patients receiving dabigatran etexilate
Clinical Outcomes,partial_overlap,Bleeding/Hemostasis,Bleeding/Hemostasis; Thromboembolism,6,Rivaroxaban dose adjustment using thrombin generation in severe congenital protein C deficiency and warfarin-induced skin necrosis
Clinical Outcomes,partial_overlap,Thromboembolism; Stroke/Transient Ischemic Attack (TIA); Pulmonary embolism (PE); Deep venous thrombosis (DVT),Bleeding/Hemostasis; Thromboembolism,9,"Feasibility, effectiveness, and safety of edoxaban administration through percutaneous endoscopic gastrostomy: 12-months follow up of the ORIGAMI study"
Clinical Outcomes,partial_overlap,Bleeding/Hemostasis; Thromboembolism; Stroke/Transient Ischemic Attack (TIA); Pulmonary embolism (PE); Deep venous thrombosis (DVT),Bleeding/Hemostasis; Thromboembolism,15,Associations between model-predicted rivaroxaban exposure and patient characteristics and efficacy and safety outcomes in the treatment of venous thromboembolism
Clinical Outcomes,partial_overlap,Bleeding/Hemostasis; Thromboembolism; Stroke/Transient Ischemic Attack (TIA),Bleeding/Hemostasis; Thromboembolism,16,Assessment of DOAC in GEriatrics (ADAGE Study): Rivaroxaban/Apixaban Concentrations and Thrombin Generation Profiles in NVAF Very Elderly Patients
Clinical Outcomes,partial_overlap,Bleeding/Hemostasis; Thromboembolism; Stroke/Transient Ischemic Attack (TIA),Bleeding/Hemostasis; Thromboembolism,17,Intravenous Thrombolysis in Patients With Ischemic Stroke and Recent Ingestion of Direct Oral Anticoagulants
Clinical Outcomes,hu_blank_ai_populated,Thromboembolism; Stroke/Transient Ischemic Attack (TIA); Pulmonary embolism (PE); Deep venous thrombosis (DVT),,18,Impact of the Genotype and Phenotype of CYP3A and P-gp on the Apixaban and Rivaroxaban Exposure in a Real-World Setting
Clinical Outcomes,partial_overlap,Thromboembolism; Stroke/Transient Ischemic Attack (TIA); Pulmonary embolism (PE); Deep venous thrombosis (DVT),Thromboembolism,20,Low drug levels and thrombotic complications in high-risk atrial fibrillation patients treated with direct oral anticoagulants
Clinical Outcomes,partial_overlap,Thromboembolism; Pulmonary embolism (PE); Deep venous thrombosis (DVT),Bleeding/Hemostasis; Thromboembolism,25,"Initiation of rivaroxaban following low molecular weight heparin for thromboprophylaxis after total joint replacement: The Safe, Simple Transitions (SST) study"
Clinical Outcomes,partial_overlap,Bleeding/Hemostasis; Thromboembolism; Stroke/Transient Ischemic Attack (TIA),Bleeding/Hemostasis; Thromboembolism,27,Dabigatran plasma concentration indicated the risk of patients with non-valvular atrial fibrillation
Clinical Outcomes,partial_overlap,Bleeding/Hemostasis; Thromboembolism; Stroke/Transient Ischemic Attack (TIA),Bleeding/Hemostasis; Thromboembolism,28,Pre-Operative Direct Oral Anticoagulant Level Measurement Reduces Time to Surgery in Hip Fracture Patients
Clinical Outcomes,partial_overlap,Bleeding/Hemostasis; Thromboembolism; Stroke/Transient Ischemic Attack (TIA),Bleeding/Hemostasis; Thromboembolism,30,Acute ischemic stroke and measurement of apixaban and rivaroxaban: an observational cohort implementation study
Clinical Outcomes,partial_overlap,Bleeding/Hemostasis; Thromboembolism; Stroke/Transient Ischemic Attack (TIA),Bleeding/Hemostasis; Thromboembolism,32,Dabigatran With or Without Concomitant Aspirin Compared With Warfarin Alone in Patients With Nonvalvular Atrial Fibrillation (PETRO Study)
Clinical Outcomes,hu_blank_ai_populated,Bleeding/Hemostasis; Thromboembolism,,35,Management strategies of the interaction between direct oral anticoagulant and drug-metabolizing enzyme inducers
Clinical Outcomes,ai_blank_hu_populated,,Bleeding/Hemostasis; Thromboembolism,37,"The Pharmacology, Efficacy, and Safety of Rivaroxaban in Obese Patient Populations"
Clinical Outcomes,partial_overlap,Bleeding/Hemostasis; Thromboembolism; Stroke/Transient Ischemic Attack (TIA),Bleeding/Hemostasis; Thromboembolism,39,Dabigatran versus Warfarin in Patients with Mechanical Heart Valves
Clinical Outcomes,hu_blank_ai_populated,Bleeding/Hemostasis; Thromboembolism; Stroke/Transient Ischemic Attack (TIA),,41,Factors Associated With Edoxaban Concentration Among Patients With Atrial Fibrillation
Clinical Outcomes,partial_overlap,Thromboembolism; Pulmonary embolism (PE); Deep venous thrombosis (DVT),Bleeding/Hemostasis; Thromboembolism,42,Dose reduction of edoxaban preserves efficacy and safety for the treatment of venous thromboembolism
Clinical Outcomes,partial_overlap,Bleeding/Hemostasis; Thromboembolism; Stroke/Transient Ischemic Attack (TIA),Bleeding/Hemostasis; Thromboembolism,44,Apixaban-Calibrated Anti-FXa Activity in Relation to Outcome Events and Clinical Characteristics in Patients with Atrial Fibrillation: Results from the AVERROES Trial
Clinical Outcomes,hu_blank_ai_populated,Bleeding/Hemostasis,,45,Influence of apixaban on antifactor Xa levels in a patient with acute kidney injury
Clinical Outcome Definition,ai_blank_hu_populated,,"Other - Includes trial-specific or composite definitions (e.g., RE-LY, ARISTOTLE, ENGAGE-AF-TIMI-48), surgical or perioperative modifications of ISTH or BARC, definitions limited to fatal bleeding or any bleeding composites, and nonstandard internal study criteria.",0,High fracture and DOAC level: A retrospective study of 72 cases
Clinical Outcome Definition,no_overlap,Bleeding/Hemostasis – Not defined/not described,Undefined,1,Potential treatment option of rivaroxaban for breastfeeding women: A case series
Clinical Outcome Definition,no_overlap,Bleeding/Hemostasis – ISTH Major Bleeding (General Definition),ISTH Major Bleeding (General Definition); Not defined/not described,2,The assessment of anticoagulant activity to predict bleeding outcome in atrial fibrillation patients receiving dabigatran etexilate
Clinical Outcome Definition,no_overlap,Bleeding/Hemostasis – Not defined/not described; Thromboembolism – Stroke/TIA – Not defined/not described; Thromboembolism – PE/DVT – Not defined/not described,"Other - Includes trial-specific or composite definitions (e.g., RE-LY, ARISTOTLE, ENGAGE-AF-TIMI-48), surgical or perioperative modifications of ISTH or BARC, definitions limited to fatal bleeding or any bleeding composites, and nonstandard internal study criteria.; Not defined/not described",3,Factors affecting serum concentration of dabigatran in Asian patients with non-valvular atrial fibrillation
Clinical Outcome Definition,no_overlap,Bleeding/Hemostasis – Not defined/not described,"Other - Includes trial-specific or composite definitions (e.g., RE-LY, ARISTOTLE, ENGAGE-AF-TIMI-48), surgical or perioperative modifications of ISTH or BARC, definitions limited to fatal bleeding or any bleeding composites, and nonstandard internal study criteria.; Defined (Guideline or otherwise clearly defined using objective diagnostic criteria; Used when the study explicitly defines VTE, PE, or DVT outcomes using recognized clinical and imaging-based criteria or references a guideline or adjudication process)",6,Rivaroxaban dose adjustment using thrombin generation in severe congenital protein C deficiency and warfarin-induced skin necrosis
Clinical Outcome Definition,no_overlap,Thromboembolism – PE/DVT – Defined; Thromboembolism – Stroke/TIA – Defined,"BARC (Bleeding Academic Research Consortium); TIMI (Thrombolysis in Myocardial Infarction); Not defined/not described; Defined (Guideline or otherwise clearly defined using objective diagnostic criteria; Used when the study explicitly defines VTE, PE, or DVT outcomes using recognized clinical and imaging-based criteria or references a guideline or adjudication process)",9,"Feasibility, effectiveness, and safety of edoxaban administration through percutaneous endoscopic gastrostomy: 12-months follow up of the ORIGAMI study"
Clinical Outcome Definition,no_overlap,Bleeding/Hemostasis – ISTH Major Bleeding (General Definition); Bleeding/Hemostasis – ISTH Clinically Relevant Non-Major Bleeding (CRNMB); Thromboembolism – Stroke/TIA – Not defined/not described; Thromboembolism – PE/DVT – Not defined/not described; Bleeding/Hemostasis – Not defined/not described,"ISTH Major Bleeding (General Definition); ISTH Clinically Relevant Nonmajor Bleeding (CRNMB); Defined (Guideline or otherwise clearly defined using objective diagnostic criteria; Used when the study explicitly defines VTE, PE, or DVT outcomes using recognized clinical and imaging-based criteria or references a guideline or adjudication process)",15,Associations between model-predicted rivaroxaban exposure and patient characteristics and efficacy and safety outcomes in the treatment of venous thromboembolism
Clinical Outcome Definition,no_overlap,Bleeding/Hemostasis – ISTH Major Bleeding (General Definition); Thromboembolism – Stroke/TIA – Defined,"ISTH Major Bleeding (General Definition); ISTH Clinically Relevant Nonmajor Bleeding (CRNMB); Defined (AHA/ASA definition, or otherwise defined using a combination of clinical and/or imaging criteria); Not defined/not described (used when the study reports VTE, PE, or DVT outcomes but does not specify diagnostic methods, criteria, or reference definitions.)",16,Assessment of DOAC in GEriatrics (ADAGE Study): Rivaroxaban/Apixaban Concentrations and Thrombin Generation Profiles in NVAF Very Elderly Patients
Clinical Outcome Definition,no_overlap,Bleeding/Hemostasis – Not defined/not described; Thromboembolism – Stroke/TIA – Defined; Bleeding/Hemostasis – ISTH Major Bleeding (General Definition),"Other - Includes trial-specific or composite definitions (e.g., RE-LY, ARISTOTLE, ENGAGE-AF-TIMI-48), surgical or perioperative modifications of ISTH or BARC, definitions limited to fatal bleeding or any bleeding composites, and nonstandard internal study criteria.; Defined (AHA/ASA definition, or otherwise defined using a combination of clinical and/or imaging criteria)",17,Intravenous Thrombolysis in Patients With Ischemic Stroke and Recent Ingestion of Direct Oral Anticoagulants
Clinical Outcome Definition,hu_blank_ai_populated,Thromboembolism – PE/DVT – Not defined/not described; Thromboembolism – Stroke/TIA – Not defined/not described,,18,Impact of the Genotype and Phenotype of CYP3A and P-gp on the Apixaban and Rivaroxaban Exposure in a Real-World Setting
Clinical Outcome Definition,no_overlap,Thromboembolism – Stroke/TIA – Defined; Thromboembolism – PE/DVT – Defined,"Defined (AHA/ASA definition, or otherwise defined using a combination of clinical and/or imaging criteria); Defined (Guideline or otherwise clearly defined using objective diagnostic criteria; Used when the study explicitly defines VTE, PE, or DVT outcomes using recognized clinical and imaging-based criteria or references a guideline or adjudication process)",20,Low drug levels and thrombotic complications in high-risk atrial fibrillation patients treated with direct oral anticoagulants
Clinical Outcome Definition,no_overlap,Bleeding/Hemostasis – ISTH Major Bleeding (General Definition),"Other - Includes trial-specific or composite definitions (e.g., RE-LY, ARISTOTLE, ENGAGE-AF-TIMI-48), surgical or perioperative modifications of ISTH or BARC, definitions limited to fatal bleeding or any bleeding composites, and nonstandard internal study criteria.; Not defined/not described (used when the study reports VTE, PE, or DVT outcomes but does not specify diagnostic methods, criteria, or reference definitions.)",22,Haematological management of major bleeding associated with direct oral anticoagulants – UK experience
Clinical Outcome Definition,no_overlap,Thromboembolism – PE/DVT – Not defined/not described,"Other - Includes trial-specific or composite definitions (e.g., RE-LY, ARISTOTLE, ENGAGE-AF-TIMI-48), surgical or perioperative modifications of ISTH or BARC, definitions limited to fatal bleeding or any bleeding composites, and nonstandard internal study criteria.; Not defined/not described (used when the study reports VTE, PE, or DVT outcomes but does not specify diagnostic methods, criteria, or reference definitions.)",25,"Initiation of rivaroxaban following low molecular weight heparin for thromboprophylaxis after total joint replacement: The Safe, Simple Transitions (SST) study"
Clinical Outcome Definition,no_overlap,Bleeding/Hemostasis – ISTH Major Bleeding (General Definition),"Other - Includes trial-specific or composite definitions (e.g., RE-LY, ARISTOTLE, ENGAGE-AF-TIMI-48), surgical or perioperative modifications of ISTH or BARC, definitions limited to fatal bleeding or any bleeding composites, and nonstandard internal study criteria.",26,Case report: biliary pancreatitis with acute cholangitis in a patient under anticoagulant treatment with dabigatran
Clinical Outcome Definition,no_overlap,Bleeding/Hemostasis – Not defined/not described; Thromboembolism – Stroke/TIA – Not defined/not described; Thromboembolism – PE/DVT – Not defined/not described,"Other - Includes trial-specific or composite definitions (e.g., RE-LY, ARISTOTLE, ENGAGE-AF-TIMI-48), surgical or perioperative modifications of ISTH or BARC, definitions limited to fatal bleeding or any bleeding composites, and nonstandard internal study criteria.; Not defined/not described",27,Dabigatran plasma concentration indicated the risk of patients with non-valvular atrial fibrillation
Clinical Outcome Definition,no_overlap,Bleeding/Hemostasis – Not defined/not described; Thromboembolism – Stroke/TIA – Not defined/not described; Thromboembolism – PE/DVT – Not defined/not described,"Undefined; Not defined/not described; Not defined/not described (used when the study reports VTE, PE, or DVT outcomes but does not specify diagnostic methods, criteria, or reference definitions.)",28,Pre-Operative Direct Oral Anticoagulant Level Measurement Reduces Time to Surgery in Hip Fracture Patients
Clinical Outcome Definition,no_overlap,Bleeding/Hemostasis – Not defined/not described; Thromboembolism – Stroke/TIA – Defined; Thromboembolism – PE/DVT – Not defined/not described,"Other - Includes trial-specific or composite definitions (e.g., RE-LY, ARISTOTLE, ENGAGE-AF-TIMI-48), surgical or perioperative modifications of ISTH or BARC, definitions limited to fatal bleeding or any bleeding composites, and nonstandard internal study criteria.; Defined (AHA/ASA definition, or otherwise defined using a combination of clinical and/or imaging criteria)",30,Acute ischemic stroke and measurement of apixaban and rivaroxaban: an observational cohort implementation study
Clinical Outcome Definition,no_overlap,Bleeding/Hemostasis – ISTH Major Bleeding (General Definition); Thromboembolism – Stroke/TIA – Defined,"Other - Includes trial-specific or composite definitions (e.g., RE-LY, ARISTOTLE, ENGAGE-AF-TIMI-48), surgical or perioperative modifications of ISTH or BARC, definitions limited to fatal bleeding or any bleeding composites, and nonstandard internal study criteria.; Defined (AHA/ASA definition, or otherwise defined using a combination of clinical and/or imaging criteria)",32,Dabigatran With or Without Concomitant Aspirin Compared With Warfarin Alone in Patients With Nonvalvular Atrial Fibrillation (PETRO Study)
Clinical Outcome Definition,ai_blank_hu_populated,,"Other - Includes trial-specific or composite definitions (e.g., RE-LY, ARISTOTLE, ENGAGE-AF-TIMI-48), surgical or perioperative modifications of ISTH or BARC, definitions limited to fatal bleeding or any bleeding composites, and nonstandard internal study criteria.; Defined (AHA/ASA definition, or otherwise defined using a combination of clinical and/or imaging criteria); Defined (Guideline or otherwise clearly defined using objective diagnostic criteria; Used when the study explicitly defines VTE, PE, or DVT outcomes using recognized clinical and imaging-based criteria or references a guideline or adjudication process)",37,"The Pharmacology, Efficacy, and Safety of Rivaroxaban in Obese Patient Populations"
Clinical Outcome Definition,no_overlap,Bleeding/Hemostasis – ISTH Major Bleeding (General Definition); Thromboembolism – Stroke/TIA – Defined; Thromboembolism – PE/DVT – Defined,"ISTH Major Bleeding (General Definition); Not defined/not described; Not defined/not described (used when the study reports VTE, PE, or DVT outcomes but does not specify diagnostic methods, criteria, or reference definitions.)",39,Dabigatran versus Warfarin in Patients with Mechanical Heart Valves
Clinical Outcome Definition,hu_blank_ai_populated,Bleeding/Hemostasis – Not defined/not described; Thromboembolism – Stroke/TIA – Defined; Thromboembolism – PE/DVT – Not defined/not described,,41,Factors Associated With Edoxaban Concentration Among Patients With Atrial Fibrillation
Clinical Outcome Definition,no_overlap,Thromboembolism – PE/DVT – Defined,"ISTH Clinically Relevant Nonmajor Bleeding (CRNMB); Other - Includes trial-specific or composite definitions (e.g., RE-LY, ARISTOTLE, ENGAGE-AF-TIMI-48), surgical or perioperative modifications of ISTH or BARC, definitions limited to fatal bleeding or any bleeding composites, and nonstandard internal study criteria.; Defined (Guideline or otherwise clearly defined using objective diagnostic criteria; Used when the study explicitly defines VTE, PE, or DVT outcomes using recognized clinical and imaging-based criteria or references a guideline or adjudication process)",42,Dose reduction of edoxaban preserves efficacy and safety for the treatment of venous thromboembolism
Clinical Outcome Definition,no_overlap,Bleeding/Hemostasis – ISTH Major Bleeding (General Definition),"ISTH Major Bleeding (General Definition); ISTH Clinically Relevant Nonmajor Bleeding (CRNMB); Other - Includes trial-specific or composite definitions (e.g., RE-LY, ARISTOTLE, ENGAGE-AF-TIMI-48), surgical or perioperative modifications of ISTH or BARC, definitions limited to fatal bleeding or any bleeding composites, and nonstandard internal study criteria.; Not defined/not described; Not defined/not described (used when the study reports VTE, PE, or DVT outcomes but does not specify diagnostic methods, criteria, or reference definitions.)",44,Apixaban-Calibrated Anti-FXa Activity in Relation to Outcome Events and Clinical Characteristics in Patients with Atrial Fibrillation: Results from the AVERROES Trial
Clinical Outcome Definition,no_overlap,Bleeding/Hemostasis – BARC; Bleeding/Hemostasis – Not defined/not described,BARC (Bleeding Academic Research Consortium),46,Population pharmacokinetic analysis for dabigatran etexilate in Chinese patients with non-valvular atrial fibrillation
Clinical Outcome Definition,no_overlap,Bleeding/Hemostasis – ISTH Major Bleeding (General Definition),"Other - Includes trial-specific or composite definitions (e.g., RE-LY, ARISTOTLE, ENGAGE-AF-TIMI-48), surgical or perioperative modifications of ISTH or BARC, definitions limited to fatal bleeding or any bleeding composites, and nonstandard internal study criteria.",47,Laboratory measurement of apixaban using anti-factor Xa assays in acute ischemic stroke patients with non-valvular atrial fibrillation
Comparator Assays,ai_blank_hu_populated,,"Conventional coagulation testing (PT, aPTT, TT)",4,Management of DOAC in Patients Undergoing Planned Surgery or Invasive Procedure: Italian Federation of Centers for the Diagnosis of Thrombotic Disorders and the Surveillance of the Antithrombotic Therapies (FCSA) Position Paper
Comparator Assays,partial_overlap,Coagulation testing - Prothrombin time (PT); Coagulation testing - Activated partial thromboplastin time (aPTT); Thrombin generation assays,"Conventional coagulation testing (PT, aPTT, TT); Thrombin generation assay",6,Rivaroxaban dose adjustment using thrombin generation in severe congenital protein C deficiency and warfarin-induced skin necrosis
Comparator Assays,ai_blank_hu_populated,,"Conventional coagulation testing (PT, aPTT, TT)",9,"Feasibility, effectiveness, and safety of edoxaban administration through percutaneous endoscopic gastrostomy: 12-months follow up of the ORIGAMI study"
Comparator Assays,hu_blank_ai_populated,Coagulation testing - Dilute thrombin time (dTT),,10,Measurement of dabigatran: previously demonstrated Hemoclot® Thrombin Inhibitor assay reagent instability on Sysmex CS-2100i is no longer an issue
Comparator Assays,ai_blank_hu_populated,,"Conventional coagulation testing (PT, aPTT, TT)",11,Pharmacokinetics and pharmacodynamics of single doses of rivaroxaban in obese patients prior to and after bariatric surgery
Comparator Assays,partial_overlap,Coagulation testing - Prothrombin time (PT); Coagulation testing - Activated partial thromboplastin time (aPTT),"Conventional coagulation testing (PT, aPTT, TT); Viscoelastic testing",13,EFFECTS OF DIRECT ORAL ANTICOAGULANTS ON THROMBOELASTOGRAPHIC PARAMETERS AND FIBRIN CLOT PROPERTIES IN PATIENTS WITH VENOUS THROMBOEMBOLISM
Comparator Assays,no_overlap,Thrombin generation assays,Thrombin generation assay,16,Assessment of DOAC in GEriatrics (ADAGE Study): Rivaroxaban/Apixaban Concentrations and Thrombin Generation Profiles in NVAF Very Elderly Patients
Comparator Assays,ai_blank_hu_populated,,"Conventional coagulation testing (PT, aPTT, TT)",17,Intravenous Thrombolysis in Patients With Ischemic Stroke and Recent Ingestion of Direct Oral Anticoagulants
Comparator Assays,partial_overlap,Coagulation testing - Prothrombin time (PT); Coagulation testing - Activated partial thromboplastin time (aPTT); Anti-Xa assays with LMWH calibrators (IU/mL),"Conventional coagulation testing (PT, aPTT, TT)",21,The Effect of Direct Oral Anticoagulants on Antithrombin Activity Testing Is Abolished by DOAC-Stop in Venous Thromboembolism Patients
Comparator Assays,partial_overlap,Coagulation testing - Prothrombin time (PT); Coagulation testing - Activated partial thromboplastin time (aPTT); Anti-Xa assays with LMWH calibrators (IU/mL); Viscoelastic testing; Thrombin generation assays,"Conventional coagulation testing (PT, aPTT, TT)",24,Model-based Dose Selection for Phase III Rivaroxaban Study in Japanese Patients with Non-valvular Atrial Fibrillation
Comparator Assays,partial_overlap,Coagulation testing - Prothrombin time (PT); Coagulation testing - Dilute thrombin time (dTT),"Conventional coagulation testing (PT, aPTT, TT); Anti-Xa assays using heparin calibrators (IU/mL)",25,"Initiation of rivaroxaban following low molecular weight heparin for thromboprophylaxis after total joint replacement: The Safe, Simple Transitions (SST) study"
Comparator Assays,ai_blank_hu_populated,,"Conventional coagulation testing (PT, aPTT, TT)",26,Case report: biliary pancreatitis with acute cholangitis in a patient under anticoagulant treatment with dabigatran
Comparator Assays,ai_blank_hu_populated,,"Conventional coagulation testing (PT, aPTT, TT)",35,Management strategies of the interaction between direct oral anticoagulant and drug-metabolizing enzyme inducers
Comparator Assays,ai_blank_hu_populated,,"Conventional coagulation testing (PT, aPTT, TT)",36,"Pharmacokinetics, Pharmacodynamics, and Safety of Single-Dose Rivaroxaban in Chronic Hemodialysis"
Comparator Assays,ai_blank_hu_populated,,Thrombin generation assay,38,Dabigatran is Less Effective Than Warfarin at Attenuating Mechanical Heart Valve-Induced Thrombin Generation
Comparator Assays,no_overlap,Coagulation testing - Activated partial thromboplastin time (aPTT),Anti-Xa assays using heparin calibrators (IU/mL),40,Remaining activity of temporary interrupted direct oral anticoagulants and its impact on intra-ablation heparinization in patients with atrial fibrillation: Comparisons across four drugs and two dose regimens
Comparator Assays,hu_blank_ai_populated,Anti-Xa assays with LMWH calibrators (IU/mL),,43,"Anti-Xa Levels in Morbidly Obese Patients Using Apixaban or Rivaroxaban, Before and After Bariatric Surgery"
Comparator Assays,partial_overlap,Coagulation testing - Activated partial thromboplastin time (aPTT); Coagulation testing - Prothrombin time (PT); Anti-Xa assays with LMWH calibrators (IU/mL),"Conventional coagulation testing (PT, aPTT, TT)",46,Population pharmacokinetic analysis for dabigatran etexilate in Chinese patients with non-valvular atrial fibrillation
Reported Cutoffs,ai_blank_hu_populated,,30 ng/mL; 50 ng/mL,0,High fracture and DOAC level: A retrospective study of 72 cases
Reported Cutoffs,hu_blank_ai_populated,Other,,7,Point-of-Care Coagulation Testing for Assessment of the Pharmacodynamic Anticoagulant Effect of Direct Oral Anticoagulant
Reported Cutoffs,hu_blank_ai_populated,Other,,9,"Feasibility, effectiveness, and safety of edoxaban administration through percutaneous endoscopic gastrostomy: 12-months follow up of the ORIGAMI study"
Reported Cutoffs,hu_blank_ai_populated,100 ng/mL,,17,Intravenous Thrombolysis in Patients With Ischemic Stroke and Recent Ingestion of Direct Oral Anticoagulants
Reported Cutoffs,hu_blank_ai_populated,30 ng/mL; 50 ng/mL; 75 ng/mL; 100 ng/mL,,20,Low drug levels and thrombotic complications in high-risk atrial fibrillation patients treated with direct oral anticoagulants
Reported Cutoffs,hu_blank_ai_populated,30 ng/mL; 50 ng/mL; 75 ng/mL; Other,,21,The Effect of Direct Oral Anticoagulants on Antithrombin Activity Testing Is Abolished by DOAC-Stop in Venous Thromboembolism Patients
Reported Cutoffs,ai_blank_hu_populated,,30 ng/mL,23,Identification and Management of Noncompliance in Atrial Fibrillation Patients Receiving Dabigatran: The Role of a Drug Monitor
Reported Cutoffs,hu_blank_ai_populated,30 ng/mL,,34,Real-World Rivaroxaban and Apixaban Levels in Asian Patients With Atrial Fibrillation
Reported Cutoffs,hu_blank_ai_populated,50 ng/mL,,38,Dabigatran is Less Effective Than Warfarin at Attenuating Mechanical Heart Valve-Induced Thrombin Generation
Reported Cutoffs,hu_blank_ai_populated,Other,,41,Factors Associated With Edoxaban Concentration Among Patients With Atrial Fibrillation
Reported Cutoffs,ai_blank_hu_populated,,Other,44,Apixaban-Calibrated Anti-FXa Activity in Relation to Outcome Events and Clinical Characteristics in Patients with Atrial Fibrillation: Results from the AVERROES Trial
Reported Cutoffs,ai_blank_hu_populated,,Other,46,Population pharmacokinetic analysis for dabigatran etexilate in Chinese patients with non-valvular atrial fibrillation
Diagnostic Performance Parameters,string_mismatch,"['Sensitivity', 'Specificity', 'Positive Predictive Value (PPV)', 'Negative Predictive Value (NPV)']",Sensitivity; Specificity; Spearman/Pearson Correlation,2,The assessment of anticoagulant activity to predict bleeding outcome in atrial fibrillation patients receiving dabigatran etexilate
Diagnostic Performance Parameters,ai_blank_hu_populated,,Spearman/Pearson Correlation,3,Factors affecting serum concentration of dabigatran in Asian patients with non-valvular atrial fibrillation
Diagnostic Performance Parameters,ai_blank_hu_populated,,Spearman/Pearson Correlation,6,Rivaroxaban dose adjustment using thrombin generation in severe congenital protein C deficiency and warfarin-induced skin necrosis
Diagnostic Performance Parameters,ai_blank_hu_populated,,Spearman/Pearson Correlation,7,Point-of-Care Coagulation Testing for Assessment of the Pharmacodynamic Anticoagulant Effect of Direct Oral Anticoagulant
Diagnostic Performance Parameters,ai_blank_hu_populated,,Spearman/Pearson Correlation,8,Can an anti-Xa assay for low-molecular-weight heparin be used to assess the presence of rivaroxaban?
Diagnostic Performance Parameters,ai_blank_hu_populated,,Spearman/Pearson Correlation,13,EFFECTS OF DIRECT ORAL ANTICOAGULANTS ON THROMBOELASTOGRAPHIC PARAMETERS AND FIBRIN CLOT PROPERTIES IN PATIENTS WITH VENOUS THROMBOEMBOLISM
Diagnostic Performance Parameters,ai_blank_hu_populated,,Spearman/Pearson Correlation,16,Assessment of DOAC in GEriatrics (ADAGE Study): Rivaroxaban/Apixaban Concentrations and Thrombin Generation Profiles in NVAF Very Elderly Patients
Diagnostic Performance Parameters,ai_blank_hu_populated,,Spearman/Pearson Correlation,18,Impact of the Genotype and Phenotype of CYP3A and P-gp on the Apixaban and Rivaroxaban Exposure in a Real-World Setting
Diagnostic Performance Parameters,ai_blank_hu_populated,,Spearman/Pearson Correlation,21,The Effect of Direct Oral Anticoagulants on Antithrombin Activity Testing Is Abolished by DOAC-Stop in Venous Thromboembolism Patients
Diagnostic Performance Parameters,ai_blank_hu_populated,,Sensitivity; Specificity,23,Identification and Management of Noncompliance in Atrial Fibrillation Patients Receiving Dabigatran: The Role of a Drug Monitor
Diagnostic Performance Parameters,ai_blank_hu_populated,,Spearman/Pearson Correlation,25,"Initiation of rivaroxaban following low molecular weight heparin for thromboprophylaxis after total joint replacement: The Safe, Simple Transitions (SST) study"
Diagnostic Performance Parameters,ai_blank_hu_populated,,Spearman/Pearson Correlation,31,"Edoxaban plasma levels in patients with non-valvular atrial fibrillation: Inter and intra-individual variability, correlation with coagulation screening test and renal function"
Diagnostic Performance Parameters,ai_blank_hu_populated,,Spearman/Pearson Correlation,34,Real-World Rivaroxaban and Apixaban Levels in Asian Patients With Atrial Fibrillation
Diagnostic Performance Parameters,ai_blank_hu_populated,,Spearman/Pearson Correlation,40,Remaining activity of temporary interrupted direct oral anticoagulants and its impact on intra-ablation heparinization in patients with atrial fibrillation: Comparisons across four drugs and two dose regimens
Diagnostic Performance Parameters,ai_blank_hu_populated,,Spearman/Pearson Correlation,44,Apixaban-Calibrated Anti-FXa Activity in Relation to Outcome Events and Clinical Characteristics in Patients with Atrial Fibrillation: Results from the AVERROES Trial
Diagnostic Performance Parameters,ai_blank_hu_populated,,Spearman/Pearson Correlation,46,Population pharmacokinetic analysis for dabigatran etexilate in Chinese patients with non-valvular atrial fibrillation
Diagnostic Performance Parameters,ai_blank_hu_populated,,Spearman/Pearson Correlation,47,Laboratory measurement of apixaban using anti-factor Xa assays in acute ischemic stroke patients with non-valvular atrial fibrillation
Diagnostic Performance Parameters,ai_blank_hu_populated,,Spearman/Pearson Correlation,48,Anticoagulant Effects of Dabigatran in Paediatric Patients Compared with Adults: Combined Data from Three Paediatric Clinical Trials
Diagnostic Performance Parameters,ai_blank_hu_populated,,Spearman/Pearson Correlation,49,Heparin-Calibrated Chromogenic Anti-Xa Activity Measurements in Patients Receiving Rivaroxaban: Can This Test Be Used to Quantify Drug Level?
