AI Title,Human Title,Title Match Score,Journal,Country,Publication Year,Study Design,DOACs Included,Indications for Anticoagulation,Relevant Subgroups,Indications for DOAC Level Measurement,Pre-Analytical Variables,Conventional Coag Tests Concurrent,Global Coag Tests,Timing of DOAC Level Measurement,Clinical Outcomes Measured?,Clinical Outcomes,Clinical Outcome Follow-Up,Clinical Outcome Definition,Comparator Assays,Reported Cutoffs,Diagnostic Performance Parameters,Mean Score
Remaining activity of temporary interrupted direct oral anticoagulants and its impact on intra-ablation heparinization in patients with atrial fibrillation: Comparisons across four drugs and two dose regimens,Remaining activity of temporary interrupted direct oral anticoagulants and its impact on intra-ablation heparinization in patients with atrial fibrillation: Comparisons across four drugs and two dose regimens.,100.0,1.0,1.0,1.0,0.5882352941176471,1.0,1.0,0.0,1.0,0.5,0.0,1.0,0.0,0.0,0.0,0.0,0.0,0.0,1.0,0.0,0.478328173374613
Apixaban-Calibrated Anti-FXa Activity in Relation to Outcome Events and Clinical Characteristics in Patients with Atrial Fibrillation: Results from the AVERROES Trial,Apixaban-Calibrated Anti-FXa Activity in Relation to Outcome Events and Clinical Characteristics in Patients with Atrial Fibrillation: Results from the AVERROES Trial.,100.0,1.0,0.2666666666666667,1.0,0.45283018867924524,1.0,1.0,0.75,1.0,0.5,1.0,1.0,0.0,0.0,0.0,0.0,0.0,1.0,0.0,0.0,0.5247103608076796
Dabigatran is Less Effective Than Warfarin at Attenuating Mechanical Heart Valve-Induced Thrombin Generation,Dabigatran is Less Effective Than Warfarin at Attenuating Mechanical Heart Valve-Induced Thrombin Generation.,100.0,1.0,1.0,1.0,1.0,1.0,0.0,0.0,1.0,1.0,1.0,1.0,0.0,0.0,0.0,0.0,0.0,0.0,0.0,1.0,0.5263157894736842
Pre-Operative Direct Oral Anticoagulant Level Measurement Reduces Time to Surgery in Hip Fracture Patients,Pre-Operative Direct Oral Anticoagulant Level Measurement Reduces Time to Surgery in Hip Fracture Patients.,100.0,1.0,1.0,1.0,1.0,1.0,1.0,0.0,0.3333333333333333,0.0,1.0,1.0,0.0,0.0,0.0,0.0,0.0,1.0,0.0,1.0,0.543859649122807
"Initiation of rivaroxaban following low molecular weight heparin for thromboprophylaxis after total joint replacement: The Safe, Simple Transitions (SST) study","Initiation of rivaroxaban following low molecular weight heparin for thromboprophylaxis after total joint replacement: the Safe, Simple Transitions (SST) study.",100.0,1.0,0.25,1.0,1.0,1.0,1.0,0.0,0.3333333333333333,0.25,1.0,1.0,0.5,1.0,0.25,0.0,0.0,0.0,1.0,0.0,0.5570175438596492
Intravenous Thrombolysis in Patients With Ischemic Stroke and Recent Ingestion of Direct Oral Anticoagulants,Intravenous Thrombolysis in Patients With Ischemic Stroke and Recent Ingestion of Direct Oral Anticoagulants.,100.0,1.0,0.35294117647058826,1.0,0.5882352941176471,1.0,0.5,0.0,0.5,1.0,1.0,1.0,0.0,1.0,0.6666666666666666,0.0,0.0,0.0,0.0,1.0,0.5583075335397316
"The Pharmacology, Efficacy, and Safety of Rivaroxaban in Obese Patient Populations","The Pharmacology, Efficacy, and Safety of Rivaroxaban in Obese Patient Populations.",100.0,1.0,0.25,1.0,0.5217391304347826,1.0,1.0,0.0,0.5,1.0,1.0,1.0,0.0,0.0,0.0,0.0,0.0,1.0,1.0,1.0,0.5932494279176201
Laboratory measurement of apixaban using anti-factor Xa assays in acute ischemic stroke patients with non-valvular atrial fibrillation,Laboratory measurement of apixaban using anti-factor Xa assays in acute ischemic stroke patients with non-valvular atrial fibrillation.,100.0,1.0,1.0,1.0,1.0,1.0,1.0,0.0,1.0,0.3333333333333333,1.0,1.0,0.0,0.0,0.0,0.0,0.0,1.0,1.0,0.0,0.5964912280701755
Rivaroxaban dose adjustment using thrombin generation in severe congenital protein C deficiency and warfarin-induced skin necrosis,Rivaroxaban dose adjustment using thrombin generation in severe congenital protein C deficiency and warfarin-induced skin necrosis,100.0,1.0,1.0,1.0,1.0,1.0,0.0,0.0,0.4,1.0,1.0,1.0,0.0,1.0,1.0,0.0,0.0,0.0,1.0,0.0,0.6
Dabigatran With or Without Concomitant Aspirin Compared With Warfarin Alone in Patients With Nonvalvular Atrial Fibrillation (PETRO Study),Dabigatran with or without concomitant aspirin compared with warfarin alone in patients with nonvalvular atrial fibrillation (PETRO Study).,100.0,1.0,1.0,1.0,1.0,1.0,1.0,0.0,0.25,0.0,1.0,1.0,0.0,1.0,0.6666666666666666,0.0,0.0,0.0,1.0,1.0,0.6271929824561403
"Feasibility, effectiveness, and safety of edoxaban administration through percutaneous endoscopic gastrostomy: 12-months follow up of the ORIGAMI study","Feasibility, effectiveness, and safety of edoxaban administration through percutaneous endoscopic gastrostomy: 12-months follow up of the ORIGAMI study.",100.0,1.0,1.0,1.0,0.8059701492537313,1.0,0.5,0.3333333333333333,0.3333333333333333,0.0,1.0,1.0,1.0,1.0,1.0,0.0,0.0,0.0,0.0,1.0,0.6301387797852841
Management of DOAC in Patients Undergoing Planned Surgery or Invasive Procedure: Italian Federation of Centers for the Diagnosis of Thrombotic Disorders and the Surveillance of the Antithrombotic Therapies (FCSA) Position Paper,Management of DOAC in Patients Undergoing Planned Surgery or Invasive Procedure: Italian Federation of Centers for the Diagnosis of Thrombotic Disorders and the Surveillance of the Antithrombotic Therapies (FCSA) Position Paper.,100.0,1.0,1.0,0.0,0.24390243902439024,0.75,0.5,0.0,0.6666666666666666,0.0,1.0,1.0,0.0,1.0,1.0,1.0,1.0,0.0,1.0,1.0,0.6400299529311082
Dabigatran versus Warfarin in Patients with Mechanical Heart Valves,Dabigatran versus warfarin in patients with mechanical heart valves.,100.0,1.0,0.16,1.0,1.0,1.0,1.0,0.0,0.5,1.0,0.0,1.0,0.0,1.0,0.6666666666666666,0.0,0.0,1.0,1.0,1.0,0.6487719298245613
The Effect of Direct Oral Anticoagulants on Antithrombin Activity Testing Is Abolished by DOAC-Stop in Venous Thromboembolism Patients,The Effect of Direct Oral Anticoagulants on Antithrombin Activity Testing Is Abolished by DOAC-Stop in Venous Thromboembolism Patients.,100.0,0.59375,1.0,1.0,0.8059701492537313,1.0,1.0,1.0,1.0,1.0,1.0,1.0,1.0,0.0,0.0,0.0,0.0,1.0,0.0,0.0,0.6526168499607227
Population pharmacokinetic analysis for dabigatran etexilate in Chinese patients with non-valvular atrial fibrillation,Population pharmacokinetic analysis for dabigatran etexilate in Chinese patients with non-valvular atrial fibrillation.,100.0,1.0,1.0,1.0,1.0,1.0,1.0,0.3333333333333333,0.8,1.0,1.0,1.0,0.0,1.0,1.0,0.0,0.0,0.3333333333333333,0.0,0.0,0.656140350877193
Identification and Management of Noncompliance in Atrial Fibrillation Patients Receiving Dabigatran: The Role of a Drug Monitor,Identification and management of noncompliance in atrial fibrillation patients receiving dabigatran: the role of a drug monitor.,100.0,0.1463414634146342,1.0,1.0,0.5882352941176471,1.0,1.0,1.0,0.5,0.25,1.0,1.0,0.0,1.0,1.0,1.0,1.0,0.0,0.0,0.0,0.6570829872385411
Dose reduction of edoxaban preserves efficacy and safety for the treatment of venous thromboembolism,"Dose reduction of edoxaban preserves efficacy and safety for the treatment of venous thromboembolism. An analysis of the randomised, double-blind HOKUSAI VTE trial.",100.0,1.0,1.0,1.0,1.0,1.0,1.0,1.0,0.25,0.0,0.0,1.0,0.0,1.0,0.25,0.0,0.0,1.0,1.0,1.0,0.6578947368421053
The assessment of anticoagulant activity to predict bleeding outcome in atrial fibrillation patients receiving dabigatran etexilate,The assessment of anticoagulant activity to predict bleeding outcome in atrial fibrillation patients receiving dabigatran etexilate.,100.0,1.0,1.0,1.0,1.0,1.0,1.0,0.3333333333333333,0.3333333333333333,0.0,1.0,1.0,0.0,1.0,0.5,0.0,0.0,1.0,1.0,0.40476190476190477,0.6616541353383458
Potential treatment option of rivaroxaban for breastfeeding women: A case series,Potential treatment option of rivaroxaban for breastfeeding women: A case series.,100.0,0.0,0.0,1.0,1.0,1.0,1.0,1.0,0.3333333333333333,0.0,1.0,1.0,0.3333333333333333,1.0,1.0,0.0,0.0,1.0,1.0,1.0,0.6666666666666666
Impact of the Genotype and Phenotype of CYP3A and P-gp on the Apixaban and Rivaroxaban Exposure in a Real-World Setting,Impact of the Genotype and Phenotype of CYP3A and P-gp on the Apixaban and Rivaroxaban Exposure in a Real-World Setting.,100.0,1.0,1.0,1.0,1.0,1.0,1.0,0.6666666666666666,1.0,0.75,1.0,1.0,0.25,0.0,0.0,0.0,0.0,1.0,1.0,0.0,0.6666666666666666
Influence of apixaban on antifactor Xa levels in a patient with acute kidney injury,Influence of apixaban on antifactor Xa levels in a patient with acute kidney injury,100.0,0.6875,1.0,1.0,1.0,1.0,1.0,1.0,1.0,1.0,1.0,1.0,0.0,0.0,0.0,0.0,0.0,0.0,1.0,1.0,0.6677631578947368
Acute ischemic stroke and measurement of apixaban and rivaroxaban: an observational cohort implementation study,Acute ischemic stroke and measurement of apixaban and rivaroxaban: an observational cohort implementation study.,100.0,1.0,1.0,1.0,1.0,1.0,0.3333333333333333,0.0,0.5,1.0,0.0,1.0,0.0,1.0,1.0,0.0,0.0,1.0,1.0,1.0,0.6754385964912281
Factors affecting serum concentration of dabigatran in Asian patients with non-valvular atrial fibrillation,Factors affecting serum concentration of dabigatran in Asian patients with non-valvular atrial fibrillation.,100.0,1.0,1.0,1.0,0.4727272727272727,1.0,1.0,0.6666666666666666,0.5,1.0,0.0,1.0,0.3333333333333333,1.0,1.0,0.0,0.0,1.0,1.0,0.0,0.6827751196172249
Assessment of DOAC in GEriatrics (ADAGE Study): Rivaroxaban/Apixaban Concentrations and Thrombin Generation Profiles in NVAF Very Elderly Patients,Assessment of DOAC in GEriatrics (Adage Study): Rivaroxaban/Apixaban Concentrations and Thrombin Generation Profiles in NVAF Very Elderly Patients,100.0,1.0,0.42857142857142855,1.0,1.0,1.0,1.0,0.5,0.8,1.0,1.0,1.0,0.25,1.0,1.0,0.0,0.0,0.0,1.0,0.0,0.6830827067669173
High fracture and DOAC level: A retrospective study of 72 cases,Hip fracture and DOAC level: A retrospective study of 72 cases.,97.5609756097561,1.0,0.0,0.0,1.0,1.0,0.0,1.0,1.0,1.0,1.0,1.0,0.0,1.0,1.0,0.0,0.0,1.0,1.0,1.0,0.6842105263157895
Anticoagulant Effects of Dabigatran in Paediatric Patients Compared with Adults: Combined Data from Three Paediatric Clinical Trials,Anticoagulant Effects of Dabigatran in Paediatric Patients Compared with Adults: Combined Data from Three Paediatric Clinical Trials.,100.0,1.0,0.3181818181818181,1.0,0.4727272727272727,1.0,1.0,0.0,0.5,0.0,1.0,1.0,0.5,1.0,1.0,1.0,1.0,0.5,1.0,0.0,0.6995215311004784
EFFECTS OF DIRECT ORAL ANTICOAGULANTS ON THROMBOELASTOGRAPHIC PARAMETERS AND FIBRIN CLOT PROPERTIES IN PATIENTS WITH VENOUS THROMBOEMBOLISM,Effects of direct oral anticoagulants on thromboelastographic parameters and fibrin clot properties in patients with venous thromboembolism.,100.0,1.0,1.0,1.0,0.6181818181818182,1.0,1.0,0.0,0.5,1.0,1.0,0.0,1.0,1.0,1.0,1.0,1.0,0.5,0.0,0.0,0.7167464114832536
Model-based Dose Selection for Phase III Rivaroxaban Study in Japanese Patients with Non-valvular Atrial Fibrillation,Model-based dose selection for phase III rivaroxaban study in Japanese patients with non-valvular atrial fibrillation.,100.0,0.7741935483870968,1.0,1.0,0.48148148148148145,1.0,1.0,0.0,0.5,0.0,1.0,0.0,0.0,1.0,1.0,1.0,1.0,1.0,1.0,1.0,0.7239828963088726
Low drug levels and thrombotic complications in high-risk atrial fibrillation patients treated with direct oral anticoagulants,Low drug levels and thrombotic complications in high-risk atrial fibrillation patients treated with direct oral anticoagulants.,100.0,1.0,1.0,1.0,1.0,1.0,1.0,0.0,0.6666666666666666,1.0,1.0,1.0,0.0,1.0,0.25,0.0,0.0,1.0,1.0,1.0,0.7324561403508771
Measurement of dabigatran: previously demonstrated Hemoclot® Thrombin Inhibitor assay reagent instability on Sysmex CS-2100i is no longer an issue,Measurement of dabigatran: previously demonstrated Hemoclot<ovid:sup> R</ovid:sup> Thrombin Inhibitor assay reagent instability on Sysmex CS-2100i is no longer an issue.,100.0,1.0,1.0,0.8333333333333333,0.10526315789473685,1.0,1.0,1.0,0.0,0.75,1.0,1.0,0.5,1.0,1.0,1.0,1.0,0.0,0.0,1.0,0.7467682363804248
"Edoxaban plasma levels in patients with non-valvular atrial fibrillation: Inter and intra-individual variability, correlation with coagulation screening test and renal function","Edoxaban plasma levels in patients with non-valvular atrial fibrillation: Inter and intra-individual variability, correlation with coagulation screening test and renal function.",100.0,1.0,1.0,1.0,1.0,1.0,1.0,0.0,0.5,0.75,1.0,1.0,0.0,1.0,1.0,1.0,1.0,1.0,0.0,0.0,0.75
Heparin-Calibrated Chromogenic Anti-Xa Activity Measurements in Patients Receiving Rivaroxaban: Can This Test Be Used to Quantify Drug Level?,Heparin-Calibrated Chromogenic Anti-Xa Activity Measurements in Patients Receiving Rivaroxaban: Can This Test Be Used to Quantify Drug Level?.,100.0,1.0,0.25,1.0,0.4375,1.0,1.0,1.0,0.5,0.25,1.0,1.0,0.3333333333333333,1.0,1.0,1.0,1.0,0.5,1.0,0.0,0.7510964912280702
Haematological management of major bleeding associated with direct oral anticoagulants – UK experience,Haematological management of major bleeding associated with direct oral anticoagulants - UK experience.,100.0,1.0,1.0,1.0,1.0,1.0,1.0,0.3333333333333333,0.0,1.0,1.0,1.0,0.5,1.0,1.0,0.0,0.0,0.5,1.0,1.0,0.7543859649122807
COMPARISON OF QUANTITATIVE ANALYTICAL TECHNIQUES FOR DABIGATRAN IN BLOOD PLASMA OF HUMANS WITH KNEE REPLACEMENTS,Comparison of Quantitative Analytical Techniques for Dabigatran in Blood Plasma of Humans with Knee Replacements,100.0,1.0,0.0,1.0,0.5882352941176471,1.0,1.0,0.0,0.5,1.0,0.0,1.0,0.3333333333333333,1.0,1.0,1.0,1.0,1.0,1.0,1.0,0.759029927760578
Biliary pancreatitis with acute cholangitis in a patient under anticoagulant treatment with dabigatran,Case Report: Biliary Pancreatitis With Acute Cholangitis in a Patient Under Anticoagulant Treatment With Dabigatran.,100.0,1.0,1.0,1.0,1.0,1.0,1.0,0.0,0.5,1.0,1.0,1.0,1.0,1.0,1.0,0.0,0.0,0.0,1.0,1.0,0.7631578947368421
"Pharmacokinetics, Pharmacodynamics, and Safety of Single-Dose Rivaroxaban in Chronic Hemodialysis","Pharmacokinetics, Pharmacodynamics, and Safety of Single-Dose Rivaroxaban in Chronic Hemodialysis.",100.0,0.5714285714285715,0.25,1.0,1.0,1.0,0.0,1.0,0.5,0.25,1.0,1.0,0.0,1.0,1.0,1.0,1.0,1.0,1.0,1.0,0.7669172932330827
Pharmacokinetics and pharmacodynamics of single doses of rivaroxaban in obese patients prior to and after bariatric surgery,Pharmacokinetics and pharmacodynamics of single doses of rivaroxaban in obese patients prior to and after bariatric surgery.,100.0,1.0,1.0,1.0,1.0,1.0,1.0,0.25,0.5,0.0,1.0,1.0,0.0,1.0,1.0,1.0,1.0,0.0,1.0,1.0,0.7763157894736842
Associations between model-predicted rivaroxaban exposure and patient characteristics and efficacy and safety outcomes in the treatment of venous thromboembolism,Associations between model-predicted rivaroxaban exposure and patient characteristics and efficacy and safety outcomes in the treatment of venous thromboembolism.,100.0,1.0,1.0,1.0,0.3421052631578948,1.0,1.0,0.5,1.0,1.0,1.0,1.0,0.0,1.0,1.0,0.0,0.0,1.0,1.0,1.0,0.7811634349030472
Factors Associated With Edoxaban Concentration Among Patients With Atrial Fibrillation,Factors Associated With Edoxaban Concentration Among Patients With Atrial Fibrillation.,100.0,1.0,0.36363636363636365,1.0,1.0,1.0,1.0,0.25,0.25,0.75,1.0,1.0,0.3333333333333333,1.0,1.0,1.0,1.0,1.0,0.0,1.0,0.7866826156299841
Real-World Rivaroxaban and Apixaban Levels in Asian Patients With Atrial Fibrillation,Real-World Rivaroxaban and Apixaban Levels in Asian Patients With Atrial Fibrillation.,100.0,0.9714285714285714,1.0,1.0,1.0,1.0,1.0,0.0,1.0,0.75,1.0,1.0,0.3333333333333333,1.0,1.0,1.0,1.0,1.0,0.0,0.0,0.7923558897243108
"Anti-Xa Levels in Morbidly Obese Patients Using Apixaban or Rivaroxaban, Before and After Bariatric Surgery","Anti-Xa Levels in Morbidly Obese Patients Using Apixaban or Rivaroxaban, Before and After Bariatric Surgery.",100.0,1.0,1.0,1.0,0.5161290322580645,1.0,1.0,0.25,0.3333333333333333,0.0,1.0,1.0,1.0,1.0,1.0,1.0,1.0,0.0,1.0,1.0,0.794708545557442
Dabigatran plasma concentration indicated the risk of patients with non-valvular atrial fibrillation,Dabigatran plasma concentration indicated the risk of patients with non-valvular atrial fibrillation.,100.0,1.0,1.0,1.0,1.0,1.0,1.0,0.6666666666666666,1.0,0.6666666666666666,1.0,1.0,0.3333333333333333,1.0,0.6666666666666666,0.0,0.0,1.0,1.0,1.0,0.8070175438596492
Stability of Direct Oral Anticoagulants Concentrations in Blood Samples for Accessibility Expansion of Chromogenic Assays,Stability of Direct Oral Anticoagulants Concentrations in Blood Samples for Accessibility Expansion of Chromogenic Assays.,100.0,1.0,1.0,1.0,0.8059701492537313,1.0,0.5,1.0,0.3333333333333333,1.0,0.0,1.0,0.0,1.0,1.0,1.0,1.0,1.0,1.0,1.0,0.823121235925635
Apixaban and rivaroxaban's physiologically-based pharmacokinetic model validation in hospitalized patients: A first step for larger use of a priori modeling approach at bed side,Apixaban and rivaroxaban's physiologically-based pharmacokinetic model validation in hospitalized patients: A first step for larger use of a priori modeling approach at bed side.,100.0,1.0,1.0,1.0,0.36,1.0,1.0,0.6666666666666666,0.5,0.25,1.0,1.0,0.0,1.0,1.0,1.0,1.0,1.0,1.0,1.0,0.8303508771929825
Effect of pregnane X receptor and cytochrome P450 oxidoreductase gene polymorphisms on trough concentrations of rivaroxaban and edoxaban in patients with nonvalvular atrial fibrillation,Effect of pregnane X receptor and cytochrome P450 oxidoreductase gene polymorphisms on trough concentrations of rivaroxaban and edoxaban in patients with nonvalvular atrial fibrillation.,100.0,1.0,0.0,1.0,1.0,1.0,1.0,0.5,0.5,1.0,1.0,1.0,0.0,1.0,1.0,1.0,1.0,1.0,1.0,1.0,0.8421052631578947
Point-of-Care Coagulation Testing for Assessment of the Pharmacodynamic Anticoagulant Effect of Direct Oral Anticoagulant,Point-of-care coagulation testing for assessment of the pharmacodynamic anticoagulant effect of direct oral anticoagulant.,100.0,1.0,1.0,1.0,1.0,1.0,1.0,1.0,1.0,0.75,1.0,0.0,0.3333333333333333,1.0,1.0,1.0,1.0,1.0,1.0,0.0,0.8464912280701754
Can an anti-Xa assay for low-molecular-weight heparin be used to assess the presence of rivaroxaban?,Can an anti-Xa assay for low-molecular-weight heparin be used to assess the presence of rivaroxaban?.,100.0,1.0,1.0,1.0,0.4375,1.0,1.0,1.0,0.5,0.75,1.0,1.0,0.5,1.0,1.0,1.0,1.0,1.0,1.0,0.0,0.8519736842105263
"Simultaneous Determination of Dabigatran, Rivaroxaban, and Apixaban in Human Plasma by Liquid Chromatography/Tandem Mass Spectrometry","Simultaneous Determination of Dabigatran, Rivaroxaban, and Apixaban in Human Plasma by Liquid Chromatography/Tandem Mass Spectrometry.",100.0,1.0,1.0,1.0,0.26229508196721313,1.0,1.0,1.0,0.5,0.5,1.0,1.0,0.0,1.0,1.0,1.0,1.0,1.0,1.0,1.0,0.8559102674719586
Pharmacokinetic drug–drug interaction between olaparib and apixaban: a case report,Pharmacokinetic drug-drug interaction between olaparib and apixaban: a case report,100.0,1.0,1.0,1.0,1.0,1.0,0.0,1.0,1.0,1.0,1.0,1.0,0.0,1.0,1.0,1.0,1.0,1.0,1.0,1.0,0.8947368421052632
Management strategies of the interaction between direct oral anticoagulant and drug-metabolizing enzyme inducers,Management strategies of the interaction between direct oral anticoagulant and drug-metabolizing enzyme inducers.,100.0,1.0,1.0,1.0,1.0,1.0,1.0,1.0,1.0,1.0,1.0,1.0,1.0,1.0,1.0,1.0,1.0,0.0,1.0,1.0,0.9473684210526315
